y,x,frame,t,vial,w1118,m,2,1
58.11,54.95,0,0.0,1,w1118,m,2,
41.29,65.92,0,0.0,1,w1118,m,2,
19.53,93.32,0,0.0,1,w1118,m,2,
19.47,50.97,0,0.0,1,w1118,m,2,
19.03,79.64,0,0.0,1,w1118,m,2,
17.44,101.91,0,0.0,1,w1118,m,2,
11.44,39.95,0,0.0,1,w1118,m,2,
11.18,72.08,0,0.0,1,w1118,m,2,
10.11,93.77,0,0.0,1,w1118,m,2,
60.12,54.7,1,0.04,1,w1118,m,2,
44.15,65.93,1,0.04,1,w1118,m,2,
25.85,93.78,1,0.04,1,w1118,m,2,
23.05,50.67,1,0.04,1,w1118,m,2,
18.3,77.57,1,0.04,1,w1118,m,2,
17.38,102.85,1,0.04,1,w1118,m,2,
12.01,38.74,1,0.04,1,w1118,m,2,
11.11,69.09,1,0.04,1,w1118,m,2,
10.23,94.72,1,0.04,1,w1118,m,2,
9.12,77.89,1,0.04,1,w1118,m,2,
63.04,54.91,2,0.08,1,w1118,m,2,
50.93,66.53,2,0.08,1,w1118,m,2,
28.93,94.16,2,0.08,1,w1118,m,2,
26.11,50.07,2,0.08,1,w1118,m,2,
18.7,78.01,2,0.08,1,w1118,m,2,
17.29,105.01,2,0.08,1,w1118,m,2,
13.11,38.16,2,0.08,1,w1118,m,2,
11.42,68.01,2,0.08,1,w1118,m,2,
10.23,94.79,2,0.08,1,w1118,m,2,
10.01,76.04,2,0.08,1,w1118,m,2,
8.62,104.77,2,0.08,1,w1118,m,2,
65.12,55.05,3,0.12,1,w1118,m,2,
50.95,67.0,3,0.12,1,w1118,m,2,
30.77,94.35,3,0.12,1,w1118,m,2,
28.1,50.08,3,0.12,1,w1118,m,2,
18.68,77.94,3,0.12,1,w1118,m,2,
17.2,105.9,3,0.12,1,w1118,m,2,
12.94,37.77,3,0.12,1,w1118,m,2,
10.96,64.96,3,0.12,1,w1118,m,2,
10.24,74.24,3,0.12,1,w1118,m,2,
9.45,96.18,3,0.12,1,w1118,m,2,
67.16,55.22,4,0.16,1,w1118,m,2,
50.13,66.8,4,0.16,1,w1118,m,2,
32.6,50.01,4,0.16,1,w1118,m,2,
27.33,93.6,4,0.16,1,w1118,m,2,
19.23,78.07,4,0.16,1,w1118,m,2,
13.22,37.25,4,0.16,1,w1118,m,2,
10.08,60.88,4,0.16,1,w1118,m,2,
9.88,74.39,4,0.16,1,w1118,m,2,
8.82,98.71,4,0.16,1,w1118,m,2,
1.69,38.05,4,0.16,1,w1118,m,2,
71.08,54.74,5,0.2,1,w1118,m,2,
52.18,66.72,5,0.2,1,w1118,m,2,
34.91,49.97,5,0.2,1,w1118,m,2,
29.24,93.15,5,0.2,1,w1118,m,2,
19.31,78.27,5,0.2,1,w1118,m,2,
14.02,37.28,5,0.2,1,w1118,m,2,
10.25,74.23,5,0.2,1,w1118,m,2,
10.04,56.89,5,0.2,1,w1118,m,2,
8.49,99.03,5,0.2,1,w1118,m,2,
74.06,54.91,6,0.24,1,w1118,m,2,
54.22,66.94,6,0.24,1,w1118,m,2,
37.78,51.01,6,0.24,1,w1118,m,2,
32.13,93.17,6,0.24,1,w1118,m,2,
25.9,78.69,6,0.24,1,w1118,m,2,
18.8,36.65,6,0.24,1,w1118,m,2,
10.17,75.03,6,0.24,1,w1118,m,2,
9.86,53.88,6,0.24,1,w1118,m,2,
8.81,100.65,6,0.24,1,w1118,m,2,
77.02,54.68,7,0.28,1,w1118,m,2,
55.24,67.15,7,0.28,1,w1118,m,2,
37.16,50.94,7,0.28,1,w1118,m,2,
33.16,93.01,7,0.28,1,w1118,m,2,
25.12,78.59,7,0.28,1,w1118,m,2,
19.26,36.14,7,0.28,1,w1118,m,2,
10.15,74.33,7,0.28,1,w1118,m,2,
8.8,49.12,7,0.28,1,w1118,m,2,
8.27,100.9,7,0.28,1,w1118,m,2,
2.98,108.18,7,0.28,1,w1118,m,2,
75.28,54.14,8,0.32,1,w1118,m,2,
57.16,67.22,8,0.32,1,w1118,m,2,
40.21,51.83,8,0.32,1,w1118,m,2,
33.23,92.98,8,0.32,1,w1118,m,2,
23.44,78.69,8,0.32,1,w1118,m,2,
20.07,36.12,8,0.32,1,w1118,m,2,
9.96,74.31,8,0.32,1,w1118,m,2,
8.36,46.07,8,0.32,1,w1118,m,2,
7.85,101.86,8,0.32,1,w1118,m,2,
81.99,54.21,9,0.36,1,w1118,m,2,
58.22,67.18,9,0.36,1,w1118,m,2,
42.21,52.76,9,0.36,1,w1118,m,2,
39.85,92.83,9,0.36,1,w1118,m,2,
28.09,78.85,9,0.36,1,w1118,m,2,
20.21,36.03,9,0.36,1,w1118,m,2,
10.22,75.06,9,0.36,1,w1118,m,2,
7.96,103.66,9,0.36,1,w1118,m,2,
7.91,41.3,9,0.36,1,w1118,m,2,
83.08,53.97,10,0.4,1,w1118,m,2,
60.26,67.75,10,0.4,1,w1118,m,2,
45.21,52.78,10,0.4,1,w1118,m,2,
40.85,92.83,10,0.4,1,w1118,m,2,
27.37,79.02,10,0.4,1,w1118,m,2,
20.32,35.93,10,0.4,1,w1118,m,2,
10.11,75.08,10,0.4,1,w1118,m,2,
8.03,105.61,10,0.4,1,w1118,m,2,
7.3,39.21,10,0.4,1,w1118,m,2,
0.0,42.81,10,0.4,1,w1118,m,2,
82.25,53.39,11,0.44,1,w1118,m,2,
62.0,68.23,11,0.44,1,w1118,m,2,
49.15,53.95,11,0.44,1,w1118,m,2,
39.12,92.23,11,0.44,1,w1118,m,2,
29.24,78.78,11,0.44,1,w1118,m,2,
20.52,35.94,11,0.44,1,w1118,m,2,
12.09,107.06,11,0.44,1,w1118,m,2,
9.02,74.27,11,0.44,1,w1118,m,2,
6.4,36.32,11,0.44,1,w1118,m,2,
85.18,53.11,12,0.48,1,w1118,m,2,
67.77,70.01,12,0.48,1,w1118,m,2,
51.12,55.0,12,0.48,1,w1118,m,2,
43.71,92.73,12,0.48,1,w1118,m,2,
36.94,78.8,12,0.48,1,w1118,m,2,
21.28,35.4,12,0.48,1,w1118,m,2,
11.48,106.9,12,0.48,1,w1118,m,2,
9.04,73.28,12,0.48,1,w1118,m,2,
6.17,34.32,12,0.48,1,w1118,m,2,
88.16,53.17,13,0.52,1,w1118,m,2,
68.14,70.06,13,0.52,1,w1118,m,2,
53.15,55.04,13,0.52,1,w1118,m,2,
42.12,92.21,13,0.52,1,w1118,m,2,
37.17,78.93,13,0.52,1,w1118,m,2,
22.22,35.03,13,0.52,1,w1118,m,2,
11.35,106.69,13,0.52,1,w1118,m,2,
9.0,73.13,13,0.52,1,w1118,m,2,
6.08,34.09,13,0.52,1,w1118,m,2,
3.25,107.79,13,0.52,1,w1118,m,2,
90.14,52.91,14,0.56,1,w1118,m,2,
69.17,70.02,14,0.56,1,w1118,m,2,
56.22,56.0,14,0.56,1,w1118,m,2,
41.34,91.85,14,0.56,1,w1118,m,2,
38.27,78.85,14,0.56,1,w1118,m,2,
24.22,35.0,14,0.56,1,w1118,m,2,
11.02,106.76,14,0.56,1,w1118,m,2,
8.35,72.16,14,0.56,1,w1118,m,2,
5.51,33.81,14,0.56,1,w1118,m,2,
91.26,52.38,15,0.6,1,w1118,m,2,
71.93,70.94,15,0.6,1,w1118,m,2,
58.16,56.99,15,0.6,1,w1118,m,2,
44.14,91.98,15,0.6,1,w1118,m,2,
40.29,77.99,15,0.6,1,w1118,m,2,
25.27,34.7,15,0.6,1,w1118,m,2,
10.78,106.78,15,0.6,1,w1118,m,2,
7.83,72.04,15,0.6,1,w1118,m,2,
4.96,32.97,15,0.6,1,w1118,m,2,
94.07,52.12,16,0.64,1,w1118,m,2,
73.9,71.76,16,0.64,1,w1118,m,2,
60.16,57.84,16,0.64,1,w1118,m,2,
47.79,78.1,16,0.64,1,w1118,m,2,
45.21,91.89,16,0.64,1,w1118,m,2,
26.3,34.31,16,0.64,1,w1118,m,2,
10.69,106.74,16,0.64,1,w1118,m,2,
7.84,72.45,16,0.64,1,w1118,m,2,
5.5,34.17,16,0.64,1,w1118,m,2,
96.18,52.31,17,0.68,1,w1118,m,2,
75.01,72.11,17,0.68,1,w1118,m,2,
62.19,57.8,17,0.68,1,w1118,m,2,
50.11,77.91,17,0.68,1,w1118,m,2,
50.1,92.22,17,0.68,1,w1118,m,2,
27.41,34.38,17,0.68,1,w1118,m,2,
10.64,106.37,17,0.68,1,w1118,m,2,
7.74,73.01,17,0.68,1,w1118,m,2,
5.51,34.91,17,0.68,1,w1118,m,2,
98.22,52.09,18,0.72,1,w1118,m,2,
77.66,72.81,18,0.72,1,w1118,m,2,
64.22,58.22,18,0.72,1,w1118,m,2,
52.94,92.23,18,0.72,1,w1118,m,2,
52.1,77.29,18,0.72,1,w1118,m,2,
29.24,33.82,18,0.72,1,w1118,m,2,
10.62,107.06,18,0.72,1,w1118,m,2,
7.42,74.09,18,0.72,1,w1118,m,2,
5.27,34.75,18,0.72,1,w1118,m,2,
100.19,51.6,19,0.76,1,w1118,m,2,
78.69,72.8,19,0.76,1,w1118,m,2,
66.22,58.8,19,0.76,1,w1118,m,2,
54.85,91.99,19,0.76,1,w1118,m,2,
54.08,77.28,19,0.76,1,w1118,m,2,
31.82,33.22,19,0.76,1,w1118,m,2,
10.45,107.0,19,0.76,1,w1118,m,2,
7.32,75.17,19,0.76,1,w1118,m,2,
5.29,34.24,19,0.76,1,w1118,m,2,
2.44,107.09,19,0.76,1,w1118,m,2,
102.2,51.43,20,0.8,1,w1118,m,2,
80.66,73.21,20,0.8,1,w1118,m,2,
68.16,59.11,20,0.8,1,w1118,m,2,
56.82,91.81,20,0.8,1,w1118,m,2,
55.12,77.24,20,0.8,1,w1118,m,2,
32.13,33.11,20,0.8,1,w1118,m,2,
10.35,107.09,20,0.8,1,w1118,m,2,
7.28,75.4,20,0.8,1,w1118,m,2,
5.27,34.01,20,0.8,1,w1118,m,2,
104.16,51.24,21,0.84,1,w1118,m,2,
79.08,73.03,21,0.84,1,w1118,m,2,
70.2,59.07,21,0.84,1,w1118,m,2,
58.87,92.03,21,0.84,1,w1118,m,2,
57.11,77.21,21,0.84,1,w1118,m,2,
33.17,32.76,21,0.84,1,w1118,m,2,
10.4,107.13,21,0.84,1,w1118,m,2,
7.27,77.15,21,0.84,1,w1118,m,2,
5.26,33.7,21,0.84,1,w1118,m,2,
2.34,107.08,21,0.84,1,w1118,m,2,
106.18,50.42,22,0.88,1,w1118,m,2,
80.14,73.1,22,0.88,1,w1118,m,2,
73.13,59.16,22,0.88,1,w1118,m,2,
58.17,76.94,22,0.88,1,w1118,m,2,
55.3,91.79,22,0.88,1,w1118,m,2,
34.95,32.31,22,0.88,1,w1118,m,2,
17.55,111.05,22,0.88,1,w1118,m,2,
10.65,106.15,22,0.88,1,w1118,m,2,
7.22,78.27,22,0.88,1,w1118,m,2,
5.31,33.17,22,0.88,1,w1118,m,2,
2.29,107.93,22,0.88,1,w1118,m,2,
108.16,50.02,23,0.92,1,w1118,m,2,
82.13,74.02,23,0.92,1,w1118,m,2,
74.1,59.35,23,0.92,1,w1118,m,2,
63.85,76.18,23,0.92,1,w1118,m,2,
57.25,91.79,23,0.92,1,w1118,m,2,
35.13,32.21,23,0.92,1,w1118,m,2,
18.3,111.25,23,0.92,1,w1118,m,2,
10.21,104.91,23,0.92,1,w1118,m,2,
7.31,79.15,23,0.92,1,w1118,m,2,
5.33,33.03,23,0.92,1,w1118,m,2,
2.41,107.84,23,0.92,1,w1118,m,2,
110.18,49.78,24,0.96,1,w1118,m,2,
84.14,73.97,24,0.96,1,w1118,m,2,
75.29,58.87,24,0.96,1,w1118,m,2,
62.23,76.65,24,0.96,1,w1118,m,2,
59.14,92.02,24,0.96,1,w1118,m,2,
36.05,31.95,24,0.96,1,w1118,m,2,
18.43,111.29,24,0.96,1,w1118,m,2,
10.13,104.78,24,0.96,1,w1118,m,2,
7.19,82.01,24,0.96,1,w1118,m,2,
5.41,32.89,24,0.96,1,w1118,m,2,
2.37,106.94,24,0.96,1,w1118,m,2,
112.22,49.78,25,1.0,1,w1118,m,2,
85.17,74.3,25,1.0,1,w1118,m,2,
77.19,58.32,25,1.0,1,w1118,m,2,
64.28,76.33,25,1.0,1,w1118,m,2,
60.17,91.99,25,1.0,1,w1118,m,2,
36.27,31.84,25,1.0,1,w1118,m,2,
18.61,111.63,25,1.0,1,w1118,m,2,
10.09,104.04,25,1.0,1,w1118,m,2,
7.51,83.05,25,1.0,1,w1118,m,2,
6.64,32.91,25,1.0,1,w1118,m,2,
2.24,106.09,25,1.0,1,w1118,m,2,
114.17,49.07,26,1.04,1,w1118,m,2,
89.89,75.88,26,1.04,1,w1118,m,2,
82.6,57.25,26,1.04,1,w1118,m,2,
66.29,76.35,26,1.04,1,w1118,m,2,
63.14,92.27,26,1.04,1,w1118,m,2,
37.23,31.66,26,1.04,1,w1118,m,2,
19.31,111.42,26,1.04,1,w1118,m,2,
9.92,103.95,26,1.04,1,w1118,m,2,
8.73,32.96,26,1.04,1,w1118,m,2,
8.05,85.02,26,1.04,1,w1118,m,2,
2.17,105.96,26,1.04,1,w1118,m,2,
116.16,48.91,27,1.08,1,w1118,m,2,
87.11,75.13,27,1.08,1,w1118,m,2,
83.88,56.15,27,1.08,1,w1118,m,2,
69.16,76.06,27,1.08,1,w1118,m,2,
65.13,92.25,27,1.08,1,w1118,m,2,
39.03,31.25,27,1.08,1,w1118,m,2,
25.18,112.23,27,1.08,1,w1118,m,2,
9.87,33.65,27,1.08,1,w1118,m,2,
9.63,103.83,27,1.08,1,w1118,m,2,
8.19,86.97,27,1.08,1,w1118,m,2,
117.22,48.71,28,1.12,1,w1118,m,2,
88.22,75.24,28,1.12,1,w1118,m,2,
85.04,54.96,28,1.12,1,w1118,m,2,
71.24,75.84,28,1.12,1,w1118,m,2,
69.86,92.84,28,1.12,1,w1118,m,2,
40.1,31.2,28,1.12,1,w1118,m,2,
26.19,112.41,28,1.12,1,w1118,m,2,
11.67,34.01,28,1.12,1,w1118,m,2,
9.53,102.88,28,1.12,1,w1118,m,2,
8.07,87.11,28,1.12,1,w1118,m,2,
119.23,48.23,29,1.16,1,w1118,m,2,
89.14,75.28,29,1.16,1,w1118,m,2,
88.74,52.99,29,1.16,1,w1118,m,2,
73.25,75.57,29,1.16,1,w1118,m,2,
69.12,92.27,29,1.16,1,w1118,m,2,
40.27,30.88,29,1.16,1,w1118,m,2,
28.17,112.42,29,1.16,1,w1118,m,2,
11.16,33.93,29,1.16,1,w1118,m,2,
9.27,101.68,29,1.16,1,w1118,m,2,
8.21,88.15,29,1.16,1,w1118,m,2,
121.23,47.41,30,1.2,1,w1118,m,2,
90.45,75.15,30,1.2,1,w1118,m,2,
90.02,52.88,30,1.2,1,w1118,m,2,
75.25,75.3,30,1.2,1,w1118,m,2,
73.08,92.74,30,1.2,1,w1118,m,2,
41.16,30.74,30,1.2,1,w1118,m,2,
31.13,112.43,30,1.2,1,w1118,m,2,
11.26,34.04,30,1.2,1,w1118,m,2,
9.19,98.05,30,1.2,1,w1118,m,2,
8.14,88.34,30,1.2,1,w1118,m,2,
123.24,47.17,31,1.24,1,w1118,m,2,
92.66,50.34,31,1.24,1,w1118,m,2,
92.37,75.96,31,1.24,1,w1118,m,2,
78.17,75.61,31,1.24,1,w1118,m,2,
72.26,92.66,31,1.24,1,w1118,m,2,
42.29,30.12,31,1.24,1,w1118,m,2,
34.01,113.03,31,1.24,1,w1118,m,2,
12.13,34.28,31,1.24,1,w1118,m,2,
9.19,91.96,31,1.24,1,w1118,m,2,
125.18,46.99,32,1.28,1,w1118,m,2,
94.28,76.71,32,1.28,1,w1118,m,2,
93.13,49.92,32,1.28,1,w1118,m,2,
79.21,75.63,32,1.28,1,w1118,m,2,
76.15,92.19,32,1.28,1,w1118,m,2,
44.12,30.04,32,1.28,1,w1118,m,2,
35.05,113.08,32,1.28,1,w1118,m,2,
13.26,35.33,32,1.28,1,w1118,m,2,
9.17,92.01,32,1.28,1,w1118,m,2,
127.24,46.77,33,1.32,1,w1118,m,2,
96.19,76.96,33,1.32,1,w1118,m,2,
96.11,49.09,33,1.32,1,w1118,m,2,
81.38,75.18,33,1.32,1,w1118,m,2,
77.15,92.18,33,1.32,1,w1118,m,2,
45.12,29.54,33,1.32,1,w1118,m,2,
36.13,113.28,33,1.32,1,w1118,m,2,
19.1,37.45,33,1.32,1,w1118,m,2,
9.39,90.29,33,1.32,1,w1118,m,2,
129.14,45.94,34,1.36,1,w1118,m,2,
98.17,48.01,34,1.36,1,w1118,m,2,
97.12,77.1,34,1.36,1,w1118,m,2,
83.25,75.63,34,1.36,1,w1118,m,2,
79.15,92.19,34,1.36,1,w1118,m,2,
45.95,29.32,34,1.36,1,w1118,m,2,
38.09,112.94,34,1.36,1,w1118,m,2,
19.47,38.57,34,1.36,1,w1118,m,2,
9.07,90.07,34,1.36,1,w1118,m,2,
131.13,45.75,35,1.4,1,w1118,m,2,
98.32,77.14,35,1.4,1,w1118,m,2,
98.17,47.79,35,1.4,1,w1118,m,2,
85.17,76.32,35,1.4,1,w1118,m,2,
81.16,92.23,35,1.4,1,w1118,m,2,
46.88,29.13,35,1.4,1,w1118,m,2,
40.12,113.28,35,1.4,1,w1118,m,2,
20.05,39.16,35,1.4,1,w1118,m,2,
8.98,89.1,35,1.4,1,w1118,m,2,
132.16,45.63,36,1.44,1,w1118,m,2,
101.13,79.0,36,1.44,1,w1118,m,2,
99.38,46.72,36,1.44,1,w1118,m,2,
85.21,76.85,36,1.44,1,w1118,m,2,
83.14,92.03,36,1.44,1,w1118,m,2,
47.23,29.01,36,1.44,1,w1118,m,2,
41.14,113.27,36,1.44,1,w1118,m,2,
19.46,39.14,36,1.44,1,w1118,m,2,
8.86,87.08,36,1.44,1,w1118,m,2,
134.12,44.96,37,1.48,1,w1118,m,2,
105.69,45.12,37,1.48,1,w1118,m,2,
102.33,79.96,37,1.48,1,w1118,m,2,
86.35,77.17,37,1.48,1,w1118,m,2,
84.16,92.26,37,1.48,1,w1118,m,2,
48.17,28.79,37,1.48,1,w1118,m,2,
44.14,113.22,37,1.48,1,w1118,m,2,
20.43,39.83,37,1.48,1,w1118,m,2,
8.27,84.96,37,1.48,1,w1118,m,2,
135.14,44.75,38,1.52,1,w1118,m,2,
105.93,45.17,38,1.52,1,w1118,m,2,
104.35,80.81,38,1.52,1,w1118,m,2,
88.22,77.73,38,1.52,1,w1118,m,2,
86.14,92.05,38,1.52,1,w1118,m,2,
49.11,28.55,38,1.52,1,w1118,m,2,
46.09,112.97,38,1.52,1,w1118,m,2,
20.67,39.99,38,1.52,1,w1118,m,2,
10.48,91.89,38,1.52,1,w1118,m,2,
7.33,83.67,38,1.52,1,w1118,m,2,
136.26,44.62,39,1.56,1,w1118,m,2,
107.01,45.25,39,1.56,1,w1118,m,2,
105.38,81.17,39,1.56,1,w1118,m,2,
89.2,78.11,39,1.56,1,w1118,m,2,
88.11,92.1,39,1.56,1,w1118,m,2,
50.15,28.24,39,1.56,1,w1118,m,2,
45.22,113.26,39,1.56,1,w1118,m,2,
23.33,42.02,39,1.56,1,w1118,m,2,
10.91,92.02,39,1.56,1,w1118,m,2,
7.96,79.17,39,1.56,1,w1118,m,2,
139.14,44.21,40,1.6,1,w1118,m,2,
108.11,82.19,40,1.6,1,w1118,m,2,
107.02,45.25,40,1.6,1,w1118,m,2,
91.36,78.7,40,1.6,1,w1118,m,2,
89.13,91.79,40,1.6,1,w1118,m,2,
50.27,28.16,40,1.6,1,w1118,m,2,
47.2,113.03,40,1.6,1,w1118,m,2,
24.44,42.31,40,1.6,1,w1118,m,2,
11.16,92.18,40,1.6,1,w1118,m,2,
7.37,76.12,40,1.6,1,w1118,m,2,
140.27,43.73,41,1.64,1,w1118,m,2,
109.19,83.12,41,1.64,1,w1118,m,2,
107.82,45.14,41,1.64,1,w1118,m,2,
93.19,79.13,41,1.64,1,w1118,m,2,
89.1,91.42,41,1.64,1,w1118,m,2,
52.13,28.14,41,1.64,1,w1118,m,2,
48.27,113.11,41,1.64,1,w1118,m,2,
28.07,44.14,41,1.64,1,w1118,m,2,
11.48,92.3,41,1.64,1,w1118,m,2,
6.9,73.16,41,1.64,1,w1118,m,2,
141.3,42.96,42,1.68,1,w1118,m,2,
110.28,84.24,42,1.68,1,w1118,m,2,
107.95,45.19,42,1.68,1,w1118,m,2,
95.3,79.73,42,1.68,1,w1118,m,2,
91.13,91.23,42,1.68,1,w1118,m,2,
54.02,112.2,42,1.68,1,w1118,m,2,
53.28,27.72,42,1.68,1,w1118,m,2,
30.09,45.21,42,1.68,1,w1118,m,2,
12.03,92.88,42,1.68,1,w1118,m,2,
6.42,73.89,42,1.68,1,w1118,m,2,
144.14,42.27,43,1.72,1,w1118,m,2,
112.15,85.13,43,1.72,1,w1118,m,2,
105.39,45.33,43,1.72,1,w1118,m,2,
97.32,79.71,43,1.72,1,w1118,m,2,
90.28,90.95,43,1.72,1,w1118,m,2,
54.26,27.29,43,1.72,1,w1118,m,2,
52.29,112.85,43,1.72,1,w1118,m,2,
31.22,45.24,43,1.72,1,w1118,m,2,
12.28,93.89,43,1.72,1,w1118,m,2,
5.89,72.01,43,1.72,1,w1118,m,2,
144.33,42.22,44,1.76,1,w1118,m,2,
114.04,86.14,44,1.76,1,w1118,m,2,
111.13,45.89,44,1.76,1,w1118,m,2,
103.68,78.86,44,1.76,1,w1118,m,2,
95.12,90.99,44,1.76,1,w1118,m,2,
55.27,27.29,44,1.76,1,w1118,m,2,
54.23,112.81,44,1.76,1,w1118,m,2,
34.3,46.73,44,1.76,1,w1118,m,2,
12.61,95.05,44,1.76,1,w1118,m,2,
5.41,71.17,44,1.76,1,w1118,m,2,
146.19,41.33,45,1.8,1,w1118,m,2,
115.19,87.03,45,1.8,1,w1118,m,2,
114.08,45.8,45,1.8,1,w1118,m,2,
100.43,78.98,45,1.8,1,w1118,m,2,
94.26,90.72,45,1.8,1,w1118,m,2,
59.1,112.31,45,1.8,1,w1118,m,2,
56.29,27.13,45,1.8,1,w1118,m,2,
35.25,47.09,45,1.8,1,w1118,m,2,
12.96,96.03,45,1.8,1,w1118,m,2,
5.35,71.19,45,1.8,1,w1118,m,2,
147.17,40.89,46,1.84,1,w1118,m,2,
117.09,45.69,46,1.84,1,w1118,m,2,
116.51,88.06,46,1.84,1,w1118,m,2,
103.29,77.81,46,1.84,1,w1118,m,2,
100.79,90.78,46,1.84,1,w1118,m,2,
61.96,112.32,46,1.84,1,w1118,m,2,
57.18,27.29,46,1.84,1,w1118,m,2,
41.86,49.77,46,1.84,1,w1118,m,2,
13.17,96.86,46,1.84,1,w1118,m,2,
5.29,71.22,46,1.84,1,w1118,m,2,
148.23,40.71,47,1.88,1,w1118,m,2,
120.98,45.96,47,1.88,1,w1118,m,2,
118.31,88.97,47,1.88,1,w1118,m,2,
105.44,77.49,47,1.88,1,w1118,m,2,
102.86,90.82,47,1.88,1,w1118,m,2,
63.93,112.32,47,1.88,1,w1118,m,2,
58.08,27.03,47,1.88,1,w1118,m,2,
40.25,48.96,47,1.88,1,w1118,m,2,
13.28,97.73,47,1.88,1,w1118,m,2,
5.29,71.11,47,1.88,1,w1118,m,2,
150.16,40.11,48,1.92,1,w1118,m,2,
122.87,45.18,48,1.92,1,w1118,m,2,
120.33,90.04,48,1.92,1,w1118,m,2,
108.22,76.89,48,1.92,1,w1118,m,2,
103.98,90.8,48,1.92,1,w1118,m,2,
61.28,112.87,48,1.92,1,w1118,m,2,
58.35,26.79,48,1.92,1,w1118,m,2,
42.13,50.1,48,1.92,1,w1118,m,2,
13.33,98.17,48,1.92,1,w1118,m,2,
4.75,70.0,48,1.92,1,w1118,m,2,
152.23,39.31,49,1.96,1,w1118,m,2,
122.33,45.17,49,1.96,1,w1118,m,2,
121.16,91.28,49,1.96,1,w1118,m,2,
110.19,76.04,49,1.96,1,w1118,m,2,
101.31,90.63,49,1.96,1,w1118,m,2,
67.07,112.1,49,1.96,1,w1118,m,2,
59.94,26.79,49,1.96,1,w1118,m,2,
45.11,51.3,49,1.96,1,w1118,m,2,
13.42,98.85,49,1.96,1,w1118,m,2,
4.32,69.25,49,1.96,1,w1118,m,2,
153.32,38.44,50,2.0,1,w1118,m,2,
128.16,45.76,50,2.0,1,w1118,m,2,
122.29,92.25,50,2.0,1,w1118,m,2,
111.29,75.91,50,2.0,1,w1118,m,2,
105.12,90.34,50,2.0,1,w1118,m,2,
68.1,112.03,50,2.0,1,w1118,m,2,
61.03,26.6,50,2.0,1,w1118,m,2,
46.25,51.16,50,2.0,1,w1118,m,2,
13.42,99.28,50,2.0,1,w1118,m,2,
3.97,69.01,50,2.0,1,w1118,m,2,
154.33,38.3,51,2.04,1,w1118,m,2,
127.36,45.39,51,2.04,1,w1118,m,2,
124.16,93.34,51,2.04,1,w1118,m,2,
115.13,75.11,51,2.04,1,w1118,m,2,
106.09,90.18,51,2.04,1,w1118,m,2,
70.04,111.23,51,2.04,1,w1118,m,2,
62.1,26.59,51,2.04,1,w1118,m,2,
50.14,51.91,51,2.04,1,w1118,m,2,
13.49,99.87,51,2.04,1,w1118,m,2,
3.2,69.2,51,2.04,1,w1118,m,2,
156.17,37.76,52,2.08,1,w1118,m,2,
134.91,45.73,52,2.08,1,w1118,m,2,
125.51,94.09,52,2.08,1,w1118,m,2,
116.23,74.85,52,2.08,1,w1118,m,2,
106.22,90.39,52,2.08,1,w1118,m,2,
71.1,111.11,52,2.08,1,w1118,m,2,
63.86,26.06,52,2.08,1,w1118,m,2,
50.24,52.18,52,2.08,1,w1118,m,2,
13.52,100.25,52,2.08,1,w1118,m,2,
2.52,70.03,52,2.08,1,w1118,m,2,
157.24,37.43,53,2.12,1,w1118,m,2,
137.05,46.92,53,2.12,1,w1118,m,2,
127.26,96.22,53,2.12,1,w1118,m,2,
118.18,73.81,53,2.12,1,w1118,m,2,
107.31,90.38,53,2.12,1,w1118,m,2,
72.12,111.13,53,2.12,1,w1118,m,2,
63.96,26.21,53,2.12,1,w1118,m,2,
54.15,52.88,53,2.12,1,w1118,m,2,
13.46,100.81,53,2.12,1,w1118,m,2,
2.51,70.41,53,2.12,1,w1118,m,2,
158.2,36.8,54,2.16,1,w1118,m,2,
140.8,47.75,54,2.16,1,w1118,m,2,
128.04,97.2,54,2.16,1,w1118,m,2,
120.15,73.17,54,2.16,1,w1118,m,2,
113.87,90.76,54,2.16,1,w1118,m,2,
74.15,111.0,54,2.16,1,w1118,m,2,
64.32,26.28,54,2.16,1,w1118,m,2,
56.11,53.05,54,2.16,1,w1118,m,2,
2.5,70.36,54,2.16,1,w1118,m,2,
159.31,36.45,55,2.2,1,w1118,m,2,
142.89,47.89,55,2.2,1,w1118,m,2,
129.23,98.12,55,2.2,1,w1118,m,2,
122.24,72.95,55,2.2,1,w1118,m,2,
114.96,90.75,55,2.2,1,w1118,m,2,
74.19,111.06,55,2.2,1,w1118,m,2,
66.09,26.29,55,2.2,1,w1118,m,2,
57.14,53.39,55,2.2,1,w1118,m,2,
2.51,70.06,55,2.2,1,w1118,m,2,
160.33,36.27,56,2.24,1,w1118,m,2,
145.05,49.03,56,2.24,1,w1118,m,2,
130.21,99.12,56,2.24,1,w1118,m,2,
128.8,71.29,56,2.24,1,w1118,m,2,
115.1,90.81,56,2.24,1,w1118,m,2,
76.17,110.88,56,2.24,1,w1118,m,2,
67.18,26.07,56,2.24,1,w1118,m,2,
59.16,53.97,56,2.24,1,w1118,m,2,
3.31,70.11,56,2.24,1,w1118,m,2,
163.15,35.23,57,2.28,1,w1118,m,2,
147.97,50.21,57,2.28,1,w1118,m,2,
132.27,99.91,57,2.28,1,w1118,m,2,
126.22,71.31,57,2.28,1,w1118,m,2,
115.14,91.11,57,2.28,1,w1118,m,2,
78.14,110.88,57,2.28,1,w1118,m,2,
68.2,26.07,57,2.28,1,w1118,m,2,
61.14,54.83,57,2.28,1,w1118,m,2,
5.85,69.47,57,2.28,1,w1118,m,2,
163.24,35.0,58,2.32,1,w1118,m,2,
150.05,49.91,58,2.32,1,w1118,m,2,
133.98,101.05,58,2.32,1,w1118,m,2,
128.19,70.41,58,2.32,1,w1118,m,2,
117.11,91.21,58,2.32,1,w1118,m,2,
80.18,110.26,58,2.32,1,w1118,m,2,
69.09,26.06,58,2.32,1,w1118,m,2,
63.12,54.92,58,2.32,1,w1118,m,2,
6.07,69.9,58,2.32,1,w1118,m,2,
167.91,33.24,59,2.36,1,w1118,m,2,
150.16,50.12,59,2.36,1,w1118,m,2,
134.23,101.15,59,2.36,1,w1118,m,2,
130.18,70.03,59,2.36,1,w1118,m,2,
118.18,91.26,59,2.36,1,w1118,m,2,
83.99,109.38,59,2.36,1,w1118,m,2,
69.25,26.24,59,2.36,1,w1118,m,2,
65.09,55.2,59,2.36,1,w1118,m,2,
6.71,70.01,59,2.36,1,w1118,m,2,
165.2,34.23,60,2.4,1,w1118,m,2,
151.22,51.01,60,2.4,1,w1118,m,2,
135.29,101.8,60,2.4,1,w1118,m,2,
133.17,69.11,60,2.4,1,w1118,m,2,
119.18,91.21,60,2.4,1,w1118,m,2,
84.15,109.87,60,2.4,1,w1118,m,2,
71.8,26.28,60,2.4,1,w1118,m,2,
66.16,55.25,60,2.4,1,w1118,m,2,
6.17,70.68,60,2.4,1,w1118,m,2,
165.28,34.19,61,2.44,1,w1118,m,2,
154.13,52.05,61,2.44,1,w1118,m,2,
135.44,102.01,61,2.44,1,w1118,m,2,
135.13,67.9,61,2.44,1,w1118,m,2,
120.26,91.18,61,2.44,1,w1118,m,2,
86.13,109.11,61,2.44,1,w1118,m,2,
71.49,26.13,61,2.44,1,w1118,m,2,
68.17,55.82,61,2.44,1,w1118,m,2,
8.06,69.41,61,2.44,1,w1118,m,2,
166.09,33.96,62,2.48,1,w1118,m,2,
157.19,53.0,62,2.48,1,w1118,m,2,
140.04,65.96,62,2.48,1,w1118,m,2,
137.27,102.88,62,2.48,1,w1118,m,2,
122.24,91.37,62,2.48,1,w1118,m,2,
87.15,109.1,62,2.48,1,w1118,m,2,
72.41,25.94,62,2.48,1,w1118,m,2,
69.21,55.74,62,2.48,1,w1118,m,2,
9.91,69.73,62,2.48,1,w1118,m,2,
165.33,34.04,63,2.52,1,w1118,m,2,
157.26,52.96,63,2.52,1,w1118,m,2,
138.38,66.79,63,2.52,1,w1118,m,2,
138.2,103.1,63,2.52,1,w1118,m,2,
123.25,91.37,63,2.52,1,w1118,m,2,
87.22,109.12,63,2.52,1,w1118,m,2,
73.51,26.05,63,2.52,1,w1118,m,2,
71.13,56.0,63,2.52,1,w1118,m,2,
10.1,70.83,63,2.52,1,w1118,m,2,
165.3,33.92,64,2.56,1,w1118,m,2,
162.05,55.52,64,2.56,1,w1118,m,2,
141.27,66.28,64,2.56,1,w1118,m,2,
140.05,104.13,64,2.56,1,w1118,m,2,
124.34,91.35,64,2.56,1,w1118,m,2,
90.16,108.0,64,2.56,1,w1118,m,2,
75.39,26.29,64,2.56,1,w1118,m,2,
73.15,56.75,64,2.56,1,w1118,m,2,
10.96,71.43,64,2.56,1,w1118,m,2,
165.27,34.01,65,2.6,1,w1118,m,2,
164.85,56.64,65,2.6,1,w1118,m,2,
147.64,63.86,65,2.6,1,w1118,m,2,
141.12,105.14,65,2.6,1,w1118,m,2,
125.26,91.45,65,2.6,1,w1118,m,2,
91.21,108.13,65,2.6,1,w1118,m,2,
77.21,26.44,65,2.6,1,w1118,m,2,
75.12,57.73,65,2.6,1,w1118,m,2,
11.04,71.63,65,2.6,1,w1118,m,2,
166.04,57.15,66,2.64,1,w1118,m,2,
165.26,34.1,66,2.64,1,w1118,m,2,
145.23,64.21,66,2.64,1,w1118,m,2,
141.31,105.08,66,2.64,1,w1118,m,2,
126.21,91.47,66,2.64,1,w1118,m,2,
93.21,107.23,66,2.64,1,w1118,m,2,
78.3,26.31,66,2.64,1,w1118,m,2,
76.17,57.73,66,2.64,1,w1118,m,2,
18.8,72.2,66,2.64,1,w1118,m,2,
169.62,33.15,67,2.68,1,w1118,m,2,
168.73,59.07,67,2.68,1,w1118,m,2,
146.42,64.0,67,2.68,1,w1118,m,2,
141.41,105.12,67,2.68,1,w1118,m,2,
126.29,91.42,67,2.68,1,w1118,m,2,
97.66,106.33,67,2.68,1,w1118,m,2,
78.55,26.33,67,2.68,1,w1118,m,2,
77.17,57.87,67,2.68,1,w1118,m,2,
19.29,73.05,67,2.68,1,w1118,m,2,
168.11,59.69,68,2.72,1,w1118,m,2,
164.31,34.74,68,2.72,1,w1118,m,2,
149.16,63.81,68,2.72,1,w1118,m,2,
143.13,105.31,68,2.72,1,w1118,m,2,
127.19,91.44,68,2.72,1,w1118,m,2,
96.21,106.32,68,2.72,1,w1118,m,2,
79.55,26.34,68,2.72,1,w1118,m,2,
78.22,58.02,68,2.72,1,w1118,m,2,
19.3,73.01,68,2.72,1,w1118,m,2,
168.34,59.03,69,2.76,1,w1118,m,2,
165.2,34.39,69,2.76,1,w1118,m,2,
150.39,62.83,69,2.76,1,w1118,m,2,
146.96,106.92,69,2.76,1,w1118,m,2,
127.18,91.25,69,2.76,1,w1118,m,2,
98.19,106.11,69,2.76,1,w1118,m,2,
81.35,26.99,69,2.76,1,w1118,m,2,
80.22,58.82,69,2.76,1,w1118,m,2,
19.6,72.94,69,2.76,1,w1118,m,2,
175.12,61.8,70,2.8,1,w1118,m,2,
166.1,35.08,70,2.8,1,w1118,m,2,
152.35,62.25,70,2.8,1,w1118,m,2,
148.72,107.01,70,2.8,1,w1118,m,2,
127.22,91.22,70,2.8,1,w1118,m,2,
102.87,105.19,70,2.8,1,w1118,m,2,
82.42,26.94,70,2.8,1,w1118,m,2,
81.25,59.01,70,2.8,1,w1118,m,2,
26.17,72.9,70,2.8,1,w1118,m,2,
175.94,63.04,71,2.84,1,w1118,m,2,
166.31,35.16,71,2.84,1,w1118,m,2,
154.37,61.97,71,2.84,1,w1118,m,2,
146.32,106.21,71,2.84,1,w1118,m,2,
127.24,91.06,71,2.84,1,w1118,m,2,
101.17,105.91,71,2.84,1,w1118,m,2,
87.06,60.09,71,2.84,1,w1118,m,2,
83.27,27.03,71,2.84,1,w1118,m,2,
29.13,72.89,71,2.84,1,w1118,m,2,
174.47,63.03,72,2.88,1,w1118,m,2,
169.1,35.91,72,2.88,1,w1118,m,2,
157.25,61.99,72,2.88,1,w1118,m,2,
149.14,106.87,72,2.88,1,w1118,m,2,
127.27,90.87,72,2.88,1,w1118,m,2,
102.23,105.25,72,2.88,1,w1118,m,2,
89.72,60.89,72,2.88,1,w1118,m,2,
84.26,27.02,72,2.88,1,w1118,m,2,
30.18,73.37,72,2.88,1,w1118,m,2,
176.4,63.93,73,2.92,1,w1118,m,2,
170.14,35.89,73,2.92,1,w1118,m,2,
158.35,60.82,73,2.92,1,w1118,m,2,
150.16,106.83,73,2.92,1,w1118,m,2,
127.32,90.84,73,2.92,1,w1118,m,2,
104.17,105.06,73,2.92,1,w1118,m,2,
90.72,61.18,73,2.92,1,w1118,m,2,
85.25,27.01,73,2.92,1,w1118,m,2,
33.11,73.39,73,2.92,1,w1118,m,2,
177.23,64.26,74,2.96,1,w1118,m,2,
171.17,36.92,74,2.96,1,w1118,m,2,
160.23,60.01,74,2.96,1,w1118,m,2,
153.06,107.35,74,2.96,1,w1118,m,2,
127.33,90.84,74,2.96,1,w1118,m,2,
108.95,104.27,74,2.96,1,w1118,m,2,
87.21,61.09,74,2.96,1,w1118,m,2,
85.43,27.08,74,2.96,1,w1118,m,2,
34.12,73.16,74,2.96,1,w1118,m,2,
179.35,66.18,75,3.0,1,w1118,m,2,
172.17,37.11,75,3.0,1,w1118,m,2,
166.93,58.96,75,3.0,1,w1118,m,2,
155.05,108.03,75,3.0,1,w1118,m,2,
128.09,91.03,75,3.0,1,w1118,m,2,
110.09,103.75,75,3.0,1,w1118,m,2,
93.03,61.66,75,3.0,1,w1118,m,2,
88.21,27.92,75,3.0,1,w1118,m,2,
36.13,73.35,75,3.0,1,w1118,m,2,
181.23,67.94,76,3.04,1,w1118,m,2,
174.1,37.87,76,3.04,1,w1118,m,2,
164.16,59.73,76,3.04,1,w1118,m,2,
155.17,108.01,76,3.04,1,w1118,m,2,
127.31,90.87,76,3.04,1,w1118,m,2,
111.97,103.7,76,3.04,1,w1118,m,2,
94.06,61.76,76,3.04,1,w1118,m,2,
88.36,27.09,76,3.04,1,w1118,m,2,
37.15,74.03,76,3.04,1,w1118,m,2,
183.12,69.02,77,3.08,1,w1118,m,2,
175.11,37.82,77,3.08,1,w1118,m,2,
165.36,59.04,77,3.08,1,w1118,m,2,
155.19,108.2,77,3.08,1,w1118,m,2,
127.3,90.88,77,3.08,1,w1118,m,2,
110.17,104.09,77,3.08,1,w1118,m,2,
91.17,61.26,77,3.08,1,w1118,m,2,
88.51,27.15,77,3.08,1,w1118,m,2,
39.15,74.28,77,3.08,1,w1118,m,2,
184.48,70.13,78,3.12,1,w1118,m,2,
176.26,38.1,78,3.12,1,w1118,m,2,
168.19,58.1,78,3.12,1,w1118,m,2,
156.17,108.24,78,3.12,1,w1118,m,2,
131.91,91.99,78,3.12,1,w1118,m,2,
112.17,104.09,78,3.12,1,w1118,m,2,
96.74,61.75,78,3.12,1,w1118,m,2,
89.51,27.16,78,3.12,1,w1118,m,2,
42.98,74.13,78,3.12,1,w1118,m,2,
186.13,71.38,79,3.16,1,w1118,m,2,
177.28,38.15,79,3.16,1,w1118,m,2,
173.08,57.1,79,3.16,1,w1118,m,2,
157.28,107.93,79,3.16,1,w1118,m,2,
128.1,91.04,79,3.16,1,w1118,m,2,
113.23,104.06,79,3.16,1,w1118,m,2,
97.85,61.88,79,3.16,1,w1118,m,2,
93.17,28.8,79,3.16,1,w1118,m,2,
40.23,73.39,79,3.16,1,w1118,m,2,
192.12,75.56,80,3.2,1,w1118,m,2,
179.35,38.89,80,3.2,1,w1118,m,2,
171.4,57.75,80,3.2,1,w1118,m,2,
158.27,108.34,80,3.2,1,w1118,m,2,
128.1,91.03,80,3.2,1,w1118,m,2,
118.91,103.13,80,3.2,1,w1118,m,2,
98.92,62.26,80,3.2,1,w1118,m,2,
94.17,29.06,80,3.2,1,w1118,m,2,
46.73,74.4,80,3.2,1,w1118,m,2,
194.59,75.72,81,3.24,1,w1118,m,2,
181.23,39.16,81,3.24,1,w1118,m,2,
174.24,57.17,81,3.24,1,w1118,m,2,
160.16,108.9,81,3.24,1,w1118,m,2,
127.29,90.89,81,3.24,1,w1118,m,2,
119.14,103.29,81,3.24,1,w1118,m,2,
101.0,62.79,81,3.24,1,w1118,m,2,
95.12,29.05,81,3.24,1,w1118,m,2,
43.37,74.24,81,3.24,1,w1118,m,2,
196.09,76.87,82,3.28,1,w1118,m,2,
183.08,40.1,82,3.28,1,w1118,m,2,
178.04,56.06,82,3.28,1,w1118,m,2,
161.21,109.05,82,3.28,1,w1118,m,2,
127.29,90.89,82,3.28,1,w1118,m,2,
122.04,103.28,82,3.28,1,w1118,m,2,
102.95,62.86,82,3.28,1,w1118,m,2,
97.08,29.98,82,3.28,1,w1118,m,2,
49.06,75.05,82,3.28,1,w1118,m,2,
197.2,78.65,83,3.32,1,w1118,m,2,
183.34,40.2,83,3.32,1,w1118,m,2,
177.28,55.71,83,3.32,1,w1118,m,2,
165.84,109.98,83,3.32,1,w1118,m,2,
128.1,91.03,83,3.32,1,w1118,m,2,
123.13,103.32,83,3.32,1,w1118,m,2,
100.17,63.21,83,3.32,1,w1118,m,2,
98.2,30.01,83,3.32,1,w1118,m,2,
51.07,75.09,83,3.32,1,w1118,m,2,
198.87,79.84,84,3.36,1,w1118,m,2,
187.07,42.02,84,3.36,1,w1118,m,2,
182.07,55.06,84,3.36,1,w1118,m,2,
166.95,109.86,84,3.36,1,w1118,m,2,
128.1,91.03,84,3.36,1,w1118,m,2,
121.25,104.0,84,3.36,1,w1118,m,2,
101.26,63.18,84,3.36,1,w1118,m,2,
98.29,30.03,84,3.36,1,w1118,m,2,
52.95,75.07,84,3.36,1,w1118,m,2,
200.99,80.01,85,3.4,1,w1118,m,2,
188.19,41.96,85,3.4,1,w1118,m,2,
183.1,55.04,85,3.4,1,w1118,m,2,
165.29,109.61,85,3.4,1,w1118,m,2,
128.1,91.03,85,3.4,1,w1118,m,2,
123.17,103.93,85,3.4,1,w1118,m,2,
107.08,63.79,85,3.4,1,w1118,m,2,
100.08,30.25,85,3.4,1,w1118,m,2,
54.16,75.04,85,3.4,1,w1118,m,2,
203.15,80.92,86,3.44,1,w1118,m,2,
188.54,42.28,86,3.44,1,w1118,m,2,
185.13,54.07,86,3.44,1,w1118,m,2,
166.31,110.0,86,3.44,1,w1118,m,2,
127.32,90.27,86,3.44,1,w1118,m,2,
127.13,103.04,86,3.44,1,w1118,m,2,
105.14,63.91,86,3.44,1,w1118,m,2,
100.14,30.19,86,3.44,1,w1118,m,2,
55.15,75.25,86,3.44,1,w1118,m,2,
201.22,81.01,87,3.48,1,w1118,m,2,
191.2,43.98,87,3.48,1,w1118,m,2,
186.11,53.84,87,3.48,1,w1118,m,2,
167.23,110.25,87,3.48,1,w1118,m,2,
129.12,103.07,87,3.48,1,w1118,m,2,
128.22,90.13,87,3.48,1,w1118,m,2,
110.89,65.15,87,3.48,1,w1118,m,2,
100.43,30.24,87,3.48,1,w1118,m,2,
56.15,75.22,87,3.48,1,w1118,m,2,
206.17,82.84,88,3.52,1,w1118,m,2,
193.2,44.88,88,3.52,1,w1118,m,2,
185.34,53.95,88,3.52,1,w1118,m,2,
170.18,110.94,88,3.52,1,w1118,m,2,
131.08,90.96,88,3.52,1,w1118,m,2,
130.13,103.18,88,3.52,1,w1118,m,2,
108.17,64.9,88,3.52,1,w1118,m,2,
102.24,31.07,88,3.52,1,w1118,m,2,
59.12,75.04,88,3.52,1,w1118,m,2,
208.12,82.95,89,3.56,1,w1118,m,2,
194.26,44.83,89,3.56,1,w1118,m,2,
187.29,54.15,89,3.56,1,w1118,m,2,
172.11,110.83,89,3.56,1,w1118,m,2,
131.11,90.91,89,3.56,1,w1118,m,2,
129.29,103.18,89,3.56,1,w1118,m,2,
113.73,66.01,89,3.56,1,w1118,m,2,
104.16,31.94,89,3.56,1,w1118,m,2,
61.13,75.06,89,3.56,1,w1118,m,2,
210.07,83.1,90,3.6,1,w1118,m,2,
196.33,45.71,90,3.6,1,w1118,m,2,
192.08,54.09,90,3.6,1,w1118,m,2,
173.13,110.79,90,3.6,1,w1118,m,2,
134.83,102.19,90,3.6,1,w1118,m,2,
131.1,90.9,90,3.6,1,w1118,m,2,
111.2,65.85,90,3.6,1,w1118,m,2,
105.12,31.99,90,3.6,1,w1118,m,2,
64.08,74.87,90,3.6,1,w1118,m,2,
208.4,84.21,91,3.64,1,w1118,m,2,
196.43,45.13,91,3.64,1,w1118,m,2,
189.27,54.91,91,3.64,1,w1118,m,2,
173.24,111.21,91,3.64,1,w1118,m,2,
135.92,101.98,91,3.64,1,w1118,m,2,
131.12,90.89,91,3.64,1,w1118,m,2,
116.84,67.04,91,3.64,1,w1118,m,2,
106.09,32.39,91,3.64,1,w1118,m,2,
64.13,74.99,91,3.64,1,w1118,m,2,
213.99,86.08,92,3.68,1,w1118,m,2,
199.05,45.32,92,3.68,1,w1118,m,2,
194.99,54.84,92,3.68,1,w1118,m,2,
174.37,111.58,92,3.68,1,w1118,m,2,
137.91,101.98,92,3.68,1,w1118,m,2,
131.14,90.88,92,3.68,1,w1118,m,2,
115.17,66.88,92,3.68,1,w1118,m,2,
108.14,33.13,92,3.68,1,w1118,m,2,
67.94,74.71,92,3.68,1,w1118,m,2,
215.99,86.03,93,3.72,1,w1118,m,2,
201.22,45.9,93,3.72,1,w1118,m,2,
193.05,54.98,93,3.72,1,w1118,m,2,
176.24,111.97,93,3.72,1,w1118,m,2,
136.2,102.29,93,3.72,1,w1118,m,2,
131.14,90.87,93,3.72,1,w1118,m,2,
120.83,68.05,93,3.72,1,w1118,m,2,
108.35,33.02,93,3.72,1,w1118,m,2,
68.15,74.32,93,3.72,1,w1118,m,2,
216.23,85.79,94,3.76,1,w1118,m,2,
204.02,48.05,94,3.76,1,w1118,m,2,
195.07,54.99,94,3.76,1,w1118,m,2,
177.31,112.17,94,3.76,1,w1118,m,2,
140.89,101.03,94,3.76,1,w1118,m,2,
131.14,90.87,94,3.76,1,w1118,m,2,
119.15,67.93,94,3.76,1,w1118,m,2,
111.09,33.97,94,3.76,1,w1118,m,2,
69.15,74.21,94,3.76,1,w1118,m,2,
217.27,86.77,95,3.8,1,w1118,m,2,
205.24,48.84,95,3.8,1,w1118,m,2,
195.15,55.33,95,3.8,1,w1118,m,2,
178.39,112.13,95,3.8,1,w1118,m,2,
141.96,101.06,95,3.8,1,w1118,m,2,
129.22,90.02,95,3.8,1,w1118,m,2,
121.09,68.73,95,3.8,1,w1118,m,2,
111.2,33.84,95,3.8,1,w1118,m,2,
71.16,74.4,95,3.8,1,w1118,m,2,
222.84,88.05,96,3.84,1,w1118,m,2,
207.31,49.84,96,3.84,1,w1118,m,2,
194.36,55.82,96,3.84,1,w1118,m,2,
183.86,112.99,96,3.84,1,w1118,m,2,
141.17,101.36,96,3.84,1,w1118,m,2,
129.22,90.02,96,3.84,1,w1118,m,2,
122.15,69.06,96,3.84,1,w1118,m,2,
112.0,34.22,96,3.84,1,w1118,m,2,
74.95,74.72,96,3.84,1,w1118,m,2,
224.85,87.73,97,3.88,1,w1118,m,2,
212.78,51.76,97,3.88,1,w1118,m,2,
195.26,55.48,97,3.88,1,w1118,m,2,
180.38,113.01,97,3.88,1,w1118,m,2,
143.17,101.2,97,3.88,1,w1118,m,2,
132.06,90.85,97,3.88,1,w1118,m,2,
124.11,68.88,97,3.88,1,w1118,m,2,
113.25,34.85,97,3.88,1,w1118,m,2,
76.95,74.72,97,3.88,1,w1118,m,2,
226.87,87.86,98,3.92,1,w1118,m,2,
210.14,50.3,98,3.92,1,w1118,m,2,
196.31,56.06,98,3.92,1,w1118,m,2,
182.33,113.08,98,3.92,1,w1118,m,2,
144.16,101.16,98,3.92,1,w1118,m,2,
132.11,90.77,98,3.92,1,w1118,m,2,
126.1,68.96,98,3.92,1,w1118,m,2,
114.05,35.21,98,3.92,1,w1118,m,2,
78.08,74.66,98,3.92,1,w1118,m,2,
228.0,88.88,99,3.96,1,w1118,m,2,
211.09,50.51,99,3.96,1,w1118,m,2,
197.4,57.07,99,3.96,1,w1118,m,2,
183.36,113.29,99,3.96,1,w1118,m,2,
145.18,100.86,99,3.96,1,w1118,m,2,
133.06,89.29,99,3.96,1,w1118,m,2,
126.33,69.38,99,3.96,1,w1118,m,2,
114.17,35.11,99,3.96,1,w1118,m,2,
78.16,74.59,99,3.96,1,w1118,m,2,
230.05,89.87,100,4.0,1,w1118,m,2,
212.38,51.13,100,4.0,1,w1118,m,2,
203.05,57.83,100,4.0,1,w1118,m,2,
188.98,113.32,100,4.0,1,w1118,m,2,
146.26,101.01,100,4.0,1,w1118,m,2,
132.18,88.17,100,4.0,1,w1118,m,2,
127.35,69.71,100,4.0,1,w1118,m,2,
115.05,35.26,100,4.0,1,w1118,m,2,
80.12,74.79,100,4.0,1,w1118,m,2,
232.04,89.34,101,4.04,1,w1118,m,2,
214.19,52.02,101,4.04,1,w1118,m,2,
200.26,57.16,101,4.04,1,w1118,m,2,
188.16,113.38,101,4.04,1,w1118,m,2,
148.19,100.92,101,4.04,1,w1118,m,2,
132.41,88.09,101,4.04,1,w1118,m,2,
129.27,69.95,101,4.04,1,w1118,m,2,
116.1,36.11,101,4.04,1,w1118,m,2,
78.35,75.24,101,4.04,1,w1118,m,2,
233.98,89.25,102,4.08,1,w1118,m,2,
219.99,56.05,102,4.08,1,w1118,m,2,
205.12,57.1,102,4.08,1,w1118,m,2,
191.11,113.84,102,4.08,1,w1118,m,2,
152.87,100.04,102,4.08,1,w1118,m,2,
138.1,83.32,102,4.08,1,w1118,m,2,
135.81,70.84,102,4.08,1,w1118,m,2,
117.2,36.96,102,4.08,1,w1118,m,2,
82.11,75.4,102,4.08,1,w1118,m,2,
235.98,90.02,103,4.12,1,w1118,m,2,
217.1,54.26,103,4.12,1,w1118,m,2,
206.11,57.1,103,4.12,1,w1118,m,2,
193.12,114.24,103,4.12,1,w1118,m,2,
151.24,100.32,103,4.12,1,w1118,m,2,
137.04,70.59,103,4.12,1,w1118,m,2,
134.56,86.06,103,4.12,1,w1118,m,2,
118.04,37.18,103,4.12,1,w1118,m,2,
83.15,75.24,103,4.12,1,w1118,m,2,
237.13,90.67,104,4.16,1,w1118,m,2,
219.08,55.28,104,4.16,1,w1118,m,2,
204.35,57.24,104,4.16,1,w1118,m,2,
194.11,114.25,104,4.16,1,w1118,m,2,
152.22,100.05,104,4.16,1,w1118,m,2,
138.84,70.87,104,4.16,1,w1118,m,2,
136.38,85.09,104,4.16,1,w1118,m,2,
119.15,37.87,104,4.16,1,w1118,m,2,
84.18,75.22,104,4.16,1,w1118,m,2,
239.12,90.65,105,4.2,1,w1118,m,2,
222.17,56.02,105,4.2,1,w1118,m,2,
209.13,57.86,105,4.2,1,w1118,m,2,
193.34,113.73,105,4.2,1,w1118,m,2,
155.16,98.98,105,4.2,1,w1118,m,2,
138.47,83.24,105,4.2,1,w1118,m,2,
136.27,70.99,105,4.2,1,w1118,m,2,
119.24,37.83,105,4.2,1,w1118,m,2,
86.15,75.22,105,4.2,1,w1118,m,2,
240.15,90.36,106,4.24,1,w1118,m,2,
223.18,56.24,106,4.24,1,w1118,m,2,
206.26,58.1,106,4.24,1,w1118,m,2,
194.38,114.27,106,4.24,1,w1118,m,2,
156.2,99.13,106,4.24,1,w1118,m,2,
140.26,81.99,106,4.24,1,w1118,m,2,
137.28,70.19,106,4.24,1,w1118,m,2,
119.33,37.78,106,4.24,1,w1118,m,2,
88.16,75.22,106,4.24,1,w1118,m,2,
242.15,90.2,107,4.28,1,w1118,m,2,
224.45,57.77,107,4.28,1,w1118,m,2,
211.95,59.09,107,4.28,1,w1118,m,2,
197.17,114.78,107,4.28,1,w1118,m,2,
158.17,99.03,107,4.28,1,w1118,m,2,
141.43,81.29,107,4.28,1,w1118,m,2,
139.28,69.81,107,4.28,1,w1118,m,2,
120.13,38.08,107,4.28,1,w1118,m,2,
93.83,75.23,107,4.28,1,w1118,m,2,
244.09,90.91,108,4.32,1,w1118,m,2,
229.13,60.83,108,4.32,1,w1118,m,2,
213.08,59.07,108,4.32,1,w1118,m,2,
197.23,114.76,108,4.32,1,w1118,m,2,
157.33,99.06,108,4.32,1,w1118,m,2,
141.56,82.02,108,4.32,1,w1118,m,2,
140.19,69.99,108,4.32,1,w1118,m,2,
121.25,38.85,108,4.32,1,w1118,m,2,
92.19,75.38,108,4.32,1,w1118,m,2,
246.04,91.39,109,4.36,1,w1118,m,2,
227.43,58.79,109,4.36,1,w1118,m,2,
214.96,59.09,109,4.36,1,w1118,m,2,
198.29,114.85,109,4.36,1,w1118,m,2,
160.17,98.11,109,4.36,1,w1118,m,2,
146.93,78.46,109,4.36,1,w1118,m,2,
146.82,70.25,109,4.36,1,w1118,m,2,
122.31,38.86,109,4.36,1,w1118,m,2,
97.78,74.95,109,4.36,1,w1118,m,2,
245.19,91.12,110,4.4,1,w1118,m,2,
229.16,60.15,110,4.4,1,w1118,m,2,
211.25,59.14,110,4.4,1,w1118,m,2,
198.43,114.83,110,4.4,1,w1118,m,2,
163.13,96.98,110,4.4,1,w1118,m,2,
144.32,69.69,110,4.4,1,w1118,m,2,
142.29,81.89,110,4.4,1,w1118,m,2,
123.04,39.25,110,4.4,1,w1118,m,2,
96.16,75.22,110,4.4,1,w1118,m,2,
246.29,91.18,111,4.44,1,w1118,m,2,
230.03,61.21,111,4.44,1,w1118,m,2,
217.87,60.07,111,4.44,1,w1118,m,2,
201.28,114.56,111,4.44,1,w1118,m,2,
164.15,96.96,111,4.44,1,w1118,m,2,
149.98,68.09,111,4.44,1,w1118,m,2,
146.18,79.03,111,4.44,1,w1118,m,2,
123.19,39.25,111,4.44,1,w1118,m,2,
96.41,75.36,111,4.44,1,w1118,m,2,
250.17,91.3,112,4.48,1,w1118,m,2,
231.27,62.04,112,4.48,1,w1118,m,2,
218.17,60.28,112,4.48,1,w1118,m,2,
201.48,114.72,112,4.48,1,w1118,m,2,
167.09,96.39,112,4.48,1,w1118,m,2,
147.29,68.07,112,4.48,1,w1118,m,2,
146.98,78.84,112,4.48,1,w1118,m,2,
124.3,39.87,112,4.48,1,w1118,m,2,
103.87,74.88,112,4.48,1,w1118,m,2,
253.85,91.95,113,4.52,1,w1118,m,2,
232.43,62.08,113,4.52,1,w1118,m,2,
216.22,59.87,113,4.52,1,w1118,m,2,
203.35,114.88,113,4.52,1,w1118,m,2,
169.04,95.41,113,4.52,1,w1118,m,2,
149.17,68.16,113,4.52,1,w1118,m,2,
147.91,78.45,113,4.52,1,w1118,m,2,
125.34,40.83,113,4.52,1,w1118,m,2,
100.37,75.05,113,4.52,1,w1118,m,2,
256.03,91.96,114,4.56,1,w1118,m,2,
234.25,63.09,114,4.56,1,w1118,m,2,
217.38,59.85,114,4.56,1,w1118,m,2,
206.18,115.04,114,4.56,1,w1118,m,2,
170.05,95.16,114,4.56,1,w1118,m,2,
150.2,67.73,114,4.56,1,w1118,m,2,
144.24,80.89,114,4.56,1,w1118,m,2,
126.12,41.07,114,4.56,1,w1118,m,2,
106.97,74.42,114,4.56,1,w1118,m,2,
257.84,91.72,115,4.6,1,w1118,m,2,
235.37,64.09,115,4.6,1,w1118,m,2,
224.02,60.87,115,4.6,1,w1118,m,2,
207.26,114.86,115,4.6,1,w1118,m,2,
171.09,94.93,115,4.6,1,w1118,m,2,
156.04,66.15,115,4.6,1,w1118,m,2,
149.92,79.04,115,4.6,1,w1118,m,2,
127.24,41.85,115,4.6,1,w1118,m,2,
109.59,74.69,115,4.6,1,w1118,m,2,
259.09,91.44,116,4.64,1,w1118,m,2,
236.27,65.03,116,4.64,1,w1118,m,2,
225.8,61.33,116,4.64,1,w1118,m,2,
212.16,114.29,116,4.64,1,w1118,m,2,
173.01,94.76,116,4.64,1,w1118,m,2,
154.26,66.36,116,4.64,1,w1118,m,2,
151.03,78.78,116,4.64,1,w1118,m,2,
127.35,41.84,116,4.64,1,w1118,m,2,
110.84,74.96,116,4.64,1,w1118,m,2,
257.22,92.28,117,4.68,1,w1118,m,2,
237.17,65.17,117,4.68,1,w1118,m,2,
221.45,61.04,117,4.68,1,w1118,m,2,
213.17,114.43,117,4.68,1,w1118,m,2,
174.93,94.34,117,4.68,1,w1118,m,2,
156.16,65.89,117,4.68,1,w1118,m,2,
147.43,79.26,117,4.68,1,w1118,m,2,
127.35,41.92,117,4.68,1,w1118,m,2,
112.79,74.75,117,4.68,1,w1118,m,2,
258.23,92.73,118,4.72,1,w1118,m,2,
240.07,66.04,118,4.72,1,w1118,m,2,
227.13,60.8,118,4.72,1,w1118,m,2,
212.27,114.84,118,4.72,1,w1118,m,2,
175.09,94.0,118,4.72,1,w1118,m,2,
157.3,65.81,118,4.72,1,w1118,m,2,
148.33,79.13,118,4.72,1,w1118,m,2,
127.38,42.02,118,4.72,1,w1118,m,2,
110.24,74.75,118,4.72,1,w1118,m,2,
264.93,91.81,119,4.76,1,w1118,m,2,
241.2,67.06,119,4.76,1,w1118,m,2,
226.16,60.07,119,4.76,1,w1118,m,2,
214.26,115.08,119,4.76,1,w1118,m,2,
177.05,93.2,119,4.76,1,w1118,m,2,
163.97,64.08,119,4.76,1,w1118,m,2,
149.32,79.14,119,4.76,1,w1118,m,2,
127.43,42.21,119,4.76,1,w1118,m,2,
112.15,74.19,119,4.76,1,w1118,m,2,
262.22,92.11,120,4.8,1,w1118,m,2,
243.11,69.02,120,4.8,1,w1118,m,2,
226.11,60.14,120,4.8,1,w1118,m,2,
215.43,114.69,120,4.8,1,w1118,m,2,
174.28,94.18,120,4.8,1,w1118,m,2,
161.13,64.78,120,4.8,1,w1118,m,2,
150.27,78.9,120,4.8,1,w1118,m,2,
128.27,42.97,120,4.8,1,w1118,m,2,
113.33,74.27,120,4.8,1,w1118,m,2,
265.19,92.01,121,4.84,1,w1118,m,2,
245.22,69.86,121,4.84,1,w1118,m,2,
227.13,59.96,121,4.84,1,w1118,m,2,
222.09,114.36,121,4.84,1,w1118,m,2,
178.1,93.12,121,4.84,1,w1118,m,2,
164.18,64.21,121,4.84,1,w1118,m,2,
151.22,78.71,121,4.84,1,w1118,m,2,
128.25,43.14,121,4.84,1,w1118,m,2,
115.25,74.14,121,4.84,1,w1118,m,2,
270.0,92.16,122,4.88,1,w1118,m,2,
246.25,70.03,122,4.88,1,w1118,m,2,
228.13,59.99,122,4.88,1,w1118,m,2,
222.23,114.72,122,4.88,1,w1118,m,2,
180.8,92.42,122,4.88,1,w1118,m,2,
165.21,64.21,122,4.88,1,w1118,m,2,
152.19,78.34,122,4.88,1,w1118,m,2,
128.22,43.28,122,4.88,1,w1118,m,2,
121.16,73.34,122,4.88,1,w1118,m,2,
272.12,91.9,123,4.92,1,w1118,m,2,
247.39,71.08,123,4.92,1,w1118,m,2,
230.12,59.95,123,4.92,1,w1118,m,2,
220.38,114.9,123,4.92,1,w1118,m,2,
181.12,92.22,123,4.92,1,w1118,m,2,
169.14,63.92,123,4.92,1,w1118,m,2,
152.3,78.17,123,4.92,1,w1118,m,2,
128.22,43.28,123,4.92,1,w1118,m,2,
123.1,72.86,123,4.92,1,w1118,m,2,
271.17,91.86,124,4.96,1,w1118,m,2,
248.25,72.11,124,4.96,1,w1118,m,2,
233.85,58.94,124,4.96,1,w1118,m,2,
225.22,114.77,124,4.96,1,w1118,m,2,
181.16,91.98,124,4.96,1,w1118,m,2,
171.14,63.2,124,4.96,1,w1118,m,2,
153.19,77.92,124,4.96,1,w1118,m,2,
128.22,43.28,124,4.96,1,w1118,m,2,
121.17,72.92,124,4.96,1,w1118,m,2,
275.01,91.03,125,5.0,1,w1118,m,2,
250.14,73.31,125,5.0,1,w1118,m,2,
230.24,59.18,125,5.0,1,w1118,m,2,
226.2,114.71,125,5.0,1,w1118,m,2,
183.93,91.0,125,5.0,1,w1118,m,2,
171.16,63.06,125,5.0,1,w1118,m,2,
153.34,77.82,125,5.0,1,w1118,m,2,
128.41,43.76,125,5.0,1,w1118,m,2,
124.14,72.88,125,5.0,1,w1118,m,2,
277.83,91.3,126,5.04,1,w1118,m,2,
252.21,73.92,126,5.04,1,w1118,m,2,
230.51,58.8,126,5.04,1,w1118,m,2,
229.2,114.21,126,5.04,1,w1118,m,2,
185.08,90.1,126,5.04,1,w1118,m,2,
174.07,62.91,126,5.04,1,w1118,m,2,
154.24,77.41,126,5.04,1,w1118,m,2,
129.11,44.0,126,5.04,1,w1118,m,2,
124.26,73.23,126,5.04,1,w1118,m,2,
278.12,91.95,127,5.08,1,w1118,m,2,
254.15,75.11,127,5.08,1,w1118,m,2,
232.27,58.76,127,5.08,1,w1118,m,2,
230.22,114.76,127,5.08,1,w1118,m,2,
186.93,90.0,127,5.08,1,w1118,m,2,
174.17,63.11,127,5.08,1,w1118,m,2,
158.92,76.93,127,5.08,1,w1118,m,2,
128.43,43.81,127,5.08,1,w1118,m,2,
128.15,72.81,127,5.08,1,w1118,m,2,
280.94,91.11,128,5.12,1,w1118,m,2,
254.31,75.97,128,5.12,1,w1118,m,2,
238.98,57.95,128,5.12,1,w1118,m,2,
231.22,114.82,128,5.12,1,w1118,m,2,
187.15,90.01,128,5.12,1,w1118,m,2,
178.11,62.3,128,5.12,1,w1118,m,2,
159.76,76.88,128,5.12,1,w1118,m,2,
130.14,72.3,128,5.12,1,w1118,m,2,
129.12,44.02,128,5.12,1,w1118,m,2,
282.04,90.31,129,5.16,1,w1118,m,2,
256.13,76.95,129,5.16,1,w1118,m,2,
235.36,58.66,129,5.16,1,w1118,m,2,
233.22,114.82,129,5.16,1,w1118,m,2,
188.92,89.0,129,5.16,1,w1118,m,2,
180.86,62.08,129,5.16,1,w1118,m,2,
159.85,76.94,129,5.16,1,w1118,m,2,
131.15,72.3,129,5.16,1,w1118,m,2,
129.13,44.03,129,5.16,1,w1118,m,2,
284.04,90.04,130,5.2,1,w1118,m,2,
257.12,77.12,130,5.2,1,w1118,m,2,
241.97,56.95,130,5.2,1,w1118,m,2,
231.42,114.9,130,5.2,1,w1118,m,2,
190.06,88.14,130,5.2,1,w1118,m,2,
182.76,61.83,130,5.2,1,w1118,m,2,
155.36,77.42,130,5.2,1,w1118,m,2,
133.14,72.08,130,5.2,1,w1118,m,2,
129.14,44.03,130,5.2,1,w1118,m,2,
284.19,90.73,131,5.24,1,w1118,m,2,
258.15,77.28,131,5.24,1,w1118,m,2,
238.39,56.91,131,5.24,1,w1118,m,2,
237.12,114.22,131,5.24,1,w1118,m,2,
187.16,89.05,131,5.24,1,w1118,m,2,
179.19,62.84,131,5.24,1,w1118,m,2,
156.18,77.37,131,5.24,1,w1118,m,2,
135.15,72.3,131,5.24,1,w1118,m,2,
129.14,44.04,131,5.24,1,w1118,m,2,
287.89,90.02,132,5.28,1,w1118,m,2,
259.16,78.38,132,5.28,1,w1118,m,2,
240.26,56.3,132,5.28,1,w1118,m,2,
238.2,114.4,132,5.28,1,w1118,m,2,
188.23,88.91,132,5.28,1,w1118,m,2,
181.19,62.94,132,5.28,1,w1118,m,2,
156.2,77.38,132,5.28,1,w1118,m,2,
137.14,72.06,132,5.28,1,w1118,m,2,
129.14,44.05,132,5.28,1,w1118,m,2,
289.8,89.22,133,5.32,1,w1118,m,2,
260.29,79.14,133,5.32,1,w1118,m,2,
244.11,55.78,133,5.32,1,w1118,m,2,
240.17,114.34,133,5.32,1,w1118,m,2,
194.04,86.91,133,5.32,1,w1118,m,2,
183.16,62.16,133,5.32,1,w1118,m,2,
156.2,77.36,133,5.32,1,w1118,m,2,
138.17,71.62,133,5.32,1,w1118,m,2,
129.14,44.05,133,5.32,1,w1118,m,2,
291.04,88.68,134,5.36,1,w1118,m,2,
262.15,79.24,134,5.36,1,w1118,m,2,
245.12,55.79,134,5.36,1,w1118,m,2,
242.15,114.3,134,5.36,1,w1118,m,2,
191.33,88.17,134,5.36,1,w1118,m,2,
188.95,60.98,134,5.36,1,w1118,m,2,
160.05,77.0,134,5.36,1,w1118,m,2,
140.15,71.3,134,5.36,1,w1118,m,2,
129.14,44.05,134,5.36,1,w1118,m,2,
293.77,88.32,135,5.4,1,w1118,m,2,
265.08,79.87,135,5.4,1,w1118,m,2,
247.08,55.06,135,5.4,1,w1118,m,2,
243.15,114.3,135,5.4,1,w1118,m,2,
192.41,87.24,135,5.4,1,w1118,m,2,
190.86,60.98,135,5.4,1,w1118,m,2,
155.32,77.37,135,5.4,1,w1118,m,2,
143.12,71.02,135,5.4,1,w1118,m,2,
129.13,44.11,135,5.4,1,w1118,m,2,
295.02,88.85,136,5.44,1,w1118,m,2,
265.2,80.12,136,5.44,1,w1118,m,2,
246.22,54.77,136,5.44,1,w1118,m,2,
246.03,113.96,136,5.44,1,w1118,m,2,
193.27,86.97,136,5.44,1,w1118,m,2,
187.32,62.08,136,5.44,1,w1118,m,2,
156.21,77.33,136,5.44,1,w1118,m,2,
144.1,71.24,136,5.44,1,w1118,m,2,
128.51,43.96,136,5.44,1,w1118,m,2,
297.64,88.4,137,5.48,1,w1118,m,2,
266.22,80.81,137,5.48,1,w1118,m,2,
249.07,53.97,137,5.48,1,w1118,m,2,
242.4,114.93,137,5.48,1,w1118,m,2,
198.67,85.13,137,5.48,1,w1118,m,2,
193.13,61.14,137,5.48,1,w1118,m,2,
160.76,76.93,137,5.48,1,w1118,m,2,
148.85,70.23,137,5.48,1,w1118,m,2,
129.13,44.11,137,5.48,1,w1118,m,2,
298.72,87.24,138,5.52,1,w1118,m,2,
267.26,81.0,138,5.52,1,w1118,m,2,
250.15,53.82,138,5.52,1,w1118,m,2,
247.23,114.78,138,5.52,1,w1118,m,2,
196.34,86.17,138,5.52,1,w1118,m,2,
190.34,61.05,138,5.52,1,w1118,m,2,
160.76,76.92,138,5.52,1,w1118,m,2,
150.78,69.83,138,5.52,1,w1118,m,2,
129.15,44.07,138,5.52,1,w1118,m,2,
299.91,87.43,139,5.56,1,w1118,m,2,
269.27,81.02,139,5.56,1,w1118,m,2,
254.11,52.94,139,5.56,1,w1118,m,2,
246.34,114.91,139,5.56,1,w1118,m,2,
197.34,86.05,139,5.56,1,w1118,m,2,
192.26,60.42,139,5.56,1,w1118,m,2,
160.76,76.92,139,5.56,1,w1118,m,2,
151.8,69.14,139,5.56,1,w1118,m,2,
129.16,44.06,139,5.56,1,w1118,m,2,
301.91,87.43,140,5.6,1,w1118,m,2,
271.17,81.16,140,5.6,1,w1118,m,2,
255.93,52.78,140,5.6,1,w1118,m,2,
252.08,114.25,140,5.6,1,w1118,m,2,
201.86,84.07,140,5.6,1,w1118,m,2,
194.16,60.71,140,5.6,1,w1118,m,2,
160.74,76.89,140,5.6,1,w1118,m,2,
152.96,68.43,140,5.6,1,w1118,m,2,
129.17,44.05,140,5.6,1,w1118,m,2,
302.95,87.45,141,5.64,1,w1118,m,2,
272.18,81.9,141,5.64,1,w1118,m,2,
254.11,52.97,141,5.64,1,w1118,m,2,
252.26,114.0,141,5.64,1,w1118,m,2,
199.26,84.98,141,5.64,1,w1118,m,2,
195.32,60.84,141,5.64,1,w1118,m,2,
160.84,76.88,141,5.64,1,w1118,m,2,
153.11,68.39,141,5.64,1,w1118,m,2,
129.16,44.06,141,5.64,1,w1118,m,2,
303.97,87.76,142,5.68,1,w1118,m,2,
273.18,82.81,142,5.68,1,w1118,m,2,
258.94,51.33,142,5.68,1,w1118,m,2,
254.21,113.91,142,5.68,1,w1118,m,2,
201.26,84.09,142,5.68,1,w1118,m,2,
197.24,59.69,142,5.68,1,w1118,m,2,
160.74,76.89,142,5.68,1,w1118,m,2,
153.11,68.14,142,5.68,1,w1118,m,2,
129.15,44.07,142,5.68,1,w1118,m,2,
304.15,87.88,143,5.72,1,w1118,m,2,
275.22,83.01,143,5.72,1,w1118,m,2,
257.09,52.02,143,5.72,1,w1118,m,2,
255.21,114.18,143,5.72,1,w1118,m,2,
202.35,84.06,143,5.72,1,w1118,m,2,
198.29,59.36,143,5.72,1,w1118,m,2,
160.74,76.89,143,5.72,1,w1118,m,2,
157.71,66.94,143,5.72,1,w1118,m,2,
129.15,44.07,143,5.72,1,w1118,m,2,
306.81,87.41,144,5.76,1,w1118,m,2,
277.15,82.84,144,5.76,1,w1118,m,2,
258.05,113.92,144,5.76,1,w1118,m,2,
257.25,52.14,144,5.76,1,w1118,m,2,
204.18,84.01,144,5.76,1,w1118,m,2,
199.32,58.93,144,5.76,1,w1118,m,2,
160.74,76.89,144,5.76,1,w1118,m,2,
155.22,67.2,144,5.76,1,w1118,m,2,
129.15,44.07,144,5.76,1,w1118,m,2,
