y,x,mass,size,ecc,signal,raw_mass,ep,frame,t,True_particle,vial
291.08,54.95,751,14070,0.358,52.15,751,0.0,0,0.0,True,1.0
349.67,52.1,217,14070,0.256,20.72,217,0.0,0,0.0,False,0.0
347.48,39.81,317,14070,0.193,22.38,317,0.0,0,0.0,False,0.0
338.01,72.08,597,14070,0.501,46.67,597,0.0,0,0.0,True,1.0
337.75,39.95,451,14070,0.373,35.48,451,0.0,0,0.0,True,1.0
339.08,93.77,605,14070,0.293,45.24,605,0.0,0,0.0,True,1.0
329.66,93.32,687,14070,0.055,57.15,687,0.0,0,0.0,True,1.0
330.16,79.64,804,14070,0.315,60.72,804,0.0,0,0.0,True,1.0
329.72,50.97,832,14070,0.041,58.34,832,0.0,0,0.0,True,1.0
307.9,65.92,745,14070,0.211,50.72,745,0.0,0,0.0,True,1.0
331.75,101.91,638,14070,0.468,51.19,638,0.0,0,0.0,True,1.0
338.08,69.09,583,14070,0.516,45.99,583,0.0,1,0.04,True,1.0
349.64,52.03,192,14070,0.239,18.18,192,0.0,1,0.04,False,0.0
347.11,39.03,322,14070,0.183,21.68,322,0.0,1,0.04,False,0.0
340.07,77.89,524,14070,0.509,44.02,524,0.0,1,0.04,True,1.0
338.96,94.72,615,14070,0.353,44.68,615,0.0,1,0.04,True,1.0
337.18,38.74,473,14070,0.373,34.16,473,0.0,1,0.04,True,1.0
348.42,94.82,272,14070,0.245,20.59,272,0.0,1,0.04,False,0.0
330.89,77.57,727,14070,0.229,55.85,727,0.0,1,0.04,True,1.0
326.14,50.67,701,14070,0.215,44.02,701,0.0,1,0.04,True,1.0
323.34,93.78,681,14070,0.24,51.25,681,0.0,1,0.04,True,1.0
305.04,65.93,701,14070,0.252,45.77,701,0.0,1,0.04,True,1.0
289.07,54.7,722,14070,0.314,47.74,722,0.0,1,0.04,True,1.0
331.81,102.85,617,14070,0.484,49.28,617,0.0,1,0.04,True,1.0
349.68,51.98,244,14070,0.333,21.42,244,0.0,2,0.08,False,0.0
348.56,95.55,230,14070,0.37,22.34,230,0.0,2,0.08,False,0.0
347.42,38.42,230,14070,0.253,18.42,230,0.0,2,0.08,False,0.0
340.57,104.77,323,14070,0.445,27.41,323,0.0,2,0.08,True,1.0
338.96,94.79,573,14070,0.309,49.05,573,0.0,2,0.08,True,1.0
339.18,76.04,517,14070,0.542,39.38,517,0.0,2,0.08,True,1.0
337.77,68.01,568,14070,0.496,45.14,568,0.0,2,0.08,True,1.0
336.08,38.16,418,14070,0.341,34.77,418,0.0,2,0.08,True,1.0
330.49,78.01,826,14070,0.137,58.5,826,0.0,2,0.08,True,1.0
331.11,17.97,131,14070,0.609,13.59,131,0.0,2,0.08,False,0.0
323.08,50.07,716,14070,0.276,48.36,716,0.0,2,0.08,True,1.0
320.26,94.16,610,14070,0.219,45.83,610,0.0,2,0.08,True,1.0
298.26,66.53,587,14070,0.188,46.52,587,0.0,2,0.08,True,1.0
286.15,54.91,685,14070,0.328,50.44,685,0.0,2,0.08,True,1.0
331.9,105.01,624,14070,0.552,57.11,624,0.0,2,0.08,True,1.0
338.95,74.24,500,14070,0.474,42.86,500,0.0,3,0.12,True,1.0
349.75,52.8,197,14070,0.361,18.77,197,0.0,3,0.12,False,0.0
347.99,97.65,270,14070,0.182,17.38,270,0.0,3,0.12,False,0.0
347.47,38.37,265,14070,0.153,21.55,265,0.0,3,0.12,False,0.0
340.81,104.83,218,14070,0.493,20.85,218,0.0,3,0.12,False,0.0
339.74,96.18,562,14070,0.288,47.73,562,0.0,3,0.12,True,1.0
338.23,64.96,599,14070,0.494,46.57,599,0.0,3,0.12,True,1.0
284.07,55.05,695,14070,0.336,49.12,695,0.0,3,0.12,True,1.0
331.99,105.9,479,14070,0.52,47.96,479,0.0,3,0.12,True,1.0
330.51,77.94,781,14070,0.102,59.08,781,0.0,3,0.12,True,1.0
321.09,50.08,710,14070,0.293,48.66,710,0.0,3,0.12,True,1.0
318.42,94.35,578,14070,0.17,47.27,578,0.0,3,0.12,True,1.0
298.24,67.0,589,14070,0.335,48.66,589,0.0,3,0.12,True,1.0
336.25,37.77,428,14070,0.316,33.36,428,0.0,3,0.12,True,1.0
347.5,38.05,284,14070,0.093,25.23,284,0.0,4,0.16,True,1.0
340.37,98.71,623,14070,0.263,50.24,623,0.0,4,0.16,True,1.0
339.31,74.39,454,14070,0.442,40.42,454,0.0,4,0.16,True,1.0
339.11,60.88,596,14070,0.503,51.14,596,0.0,4,0.16,True,1.0
335.97,37.25,474,14070,0.263,37.29,474,0.0,4,0.16,True,1.0
329.96,78.07,835,14070,0.1,56.94,835,0.0,4,0.16,True,1.0
321.86,93.6,754,14070,0.177,50.69,754,0.0,4,0.16,True,1.0
316.59,50.01,493,14070,0.224,46.89,493,0.0,4,0.16,True,1.0
299.06,66.8,711,14070,0.291,46.89,711,0.0,4,0.16,True,1.0
282.03,55.22,722,14070,0.307,49.13,722,0.0,4,0.16,True,1.0
348.42,38.28,209,14070,0.02,18.68,209,0.0,5,0.2,False,0.0
340.7,99.03,647,14070,0.252,52.05,647,0.0,5,0.2,True,1.0
338.94,74.23,513,14070,0.48,43.65,513,0.0,5,0.2,True,1.0
339.15,56.89,514,14070,0.521,43.44,514,0.0,5,0.2,True,1.0
335.17,37.28,393,14070,0.249,34.42,393,0.0,5,0.2,True,1.0
278.11,54.74,693,14070,0.284,50.37,693,0.0,5,0.2,True,1.0
319.95,93.15,756,14070,0.199,52.26,756,0.0,5,0.2,True,1.0
314.28,49.97,572,14070,0.268,47.01,572,0.0,5,0.2,True,1.0
297.01,66.72,710,14070,0.265,46.59,710,0.0,5,0.2,True,1.0
329.88,78.27,787,14070,0.086,53.52,787,0.0,5,0.2,True,1.0
339.33,53.88,542,14070,0.464,40.98,542,0.0,6,0.24,True,1.0
348.63,38.34,219,14070,0.114,20.81,219,0.0,6,0.24,False,0.0
346.78,50.95,243,14070,0.535,22.1,243,0.0,6,0.24,False,0.0
346.14,108.64,223,14070,0.413,24.46,223,0.0,6,0.24,False,0.0
340.38,100.65,651,14070,0.298,54.5,651,0.0,6,0.24,True,1.0
339.02,75.03,556,14070,0.501,43.34,556,0.0,6,0.24,True,1.0
332.55,108.12,121,14070,0.219,12.01,121,0.0,6,0.24,False,0.0
348.29,99.12,282,14070,0.395,24.24,282,0.0,6,0.24,False,0.0
330.39,36.65,373,14070,0.069,35.83,373,0.0,6,0.24,True,1.0
323.29,78.69,626,14070,0.252,47.85,626,0.0,6,0.24,True,1.0
317.06,93.17,760,14070,0.254,49.56,760,0.0,6,0.24,True,1.0
311.41,51.01,540,14070,0.262,48.06,540,0.0,6,0.24,True,1.0
294.97,66.94,719,14070,0.244,47.63,719,0.0,6,0.24,True,1.0
332.23,96.24,108,14070,0.566,9.44,108,0.0,6,0.24,False,0.0
275.13,54.91,643,14070,0.352,48.7,643,0.0,6,0.24,True,1.0
348.96,38.23,174,14070,0.256,18.62,174,0.0,7,0.28,False,0.0
346.21,108.18,280,14070,0.358,29.46,280,0.0,7,0.28,True,1.0
340.92,100.9,664,14070,0.326,60.1,664,0.0,7,0.28,True,1.0
340.39,49.12,541,14070,0.461,38.42,541,0.0,7,0.28,True,1.0
339.04,74.33,502,14070,0.467,42.42,502,0.0,7,0.28,True,1.0
324.07,78.59,725,14070,0.245,45.72,725,0.0,7,0.28,True,1.0
316.03,93.01,760,14070,0.271,47.84,760,0.0,7,0.28,True,1.0
312.03,50.94,714,14070,0.298,46.9,714,0.0,7,0.28,True,1.0
293.95,67.15,698,14070,0.223,45.96,698,0.0,7,0.28,True,1.0
272.17,54.68,671,14070,0.287,47.84,671,0.0,7,0.28,True,1.0
329.93,36.14,438,14070,0.135,39.12,438,0.0,7,0.28,True,1.0
339.23,74.31,501,14070,0.461,42.09,501,0.0,8,0.32,True,1.0
348.97,38.25,146,14070,0.076,15.91,146,0.0,8,0.32,False,0.0
341.34,101.86,538,14070,0.397,49.46,538,0.0,8,0.32,True,1.0
340.83,46.07,537,14070,0.504,40.15,537,0.0,8,0.32,True,1.0
329.12,36.12,557,14070,0.162,48.88,557,0.0,8,0.32,True,1.0
315.96,92.98,765,14070,0.215,47.72,765,0.0,8,0.32,True,1.0
308.98,51.83,715,14070,0.3,48.88,715,0.0,8,0.32,True,1.0
292.03,67.22,691,14070,0.208,45.0,691,0.0,8,0.32,True,1.0
273.91,54.14,724,14070,0.266,49.07,724,0.0,8,0.32,True,1.0
325.75,78.69,726,14070,0.165,48.69,726,0.0,8,0.32,True,1.0
328.98,36.03,605,14070,0.173,51.04,605,0.0,9,0.36,True,1.0
267.2,54.21,654,14070,0.303,49.44,654,0.0,9,0.36,True,1.0
290.97,67.18,688,14070,0.2,45.23,688,0.0,9,0.36,True,1.0
306.98,52.76,718,14070,0.272,47.44,718,0.0,9,0.36,True,1.0
309.34,92.83,647,14070,0.269,50.24,647,0.0,9,0.36,True,1.0
321.1,78.85,730,14070,0.322,50.04,730,0.0,9,0.36,True,1.0
338.97,75.06,600,14070,0.5,45.43,600,0.0,9,0.36,True,1.0
341.28,41.3,520,14070,0.469,44.23,520,0.0,9,0.36,True,1.0
341.23,103.66,375,14070,0.497,35.03,375,0.0,9,0.36,True,1.0
350.72,80.12,150,14070,0.649,16.01,150,0.0,9,0.36,False,0.0
341.16,105.61,246,14070,0.38,30.07,246,0.0,10,0.4,True,1.0
339.08,75.08,639,14070,0.542,50.26,639,0.0,10,0.4,True,1.0
349.19,42.81,343,14070,0.471,25.34,343,0.0,10,0.4,True,1.0
350.61,80.71,179,14070,0.518,18.95,179,0.0,10,0.4,False,0.0
328.87,35.93,660,14070,0.184,52.52,660,0.0,10,0.4,True,1.0
341.89,39.21,551,14070,0.527,44.29,551,0.0,10,0.4,True,1.0
308.34,92.83,646,14070,0.265,50.26,646,0.0,10,0.4,True,1.0
303.98,52.78,731,14070,0.284,50.26,731,0.0,10,0.4,True,1.0
288.93,67.75,690,14070,0.214,46.35,690,0.0,10,0.4,True,1.0
266.11,53.97,671,14070,0.373,50.26,671,0.0,10,0.4,True,1.0
321.82,79.02,757,14070,0.184,51.91,757,0.0,10,0.4,True,1.0
346.18,108.47,258,14070,0.279,20.44,258,0.0,11,0.44,False,0.0
342.79,36.32,492,14070,0.471,40.67,492,0.0,11,0.44,True,1.0
340.17,74.27,626,14070,0.463,48.89,626,0.0,11,0.44,True,1.0
337.1,107.06,419,14070,0.444,45.31,419,0.0,11,0.44,True,1.0
328.67,35.94,649,14070,0.181,53.74,649,0.0,11,0.44,True,1.0
319.95,78.78,754,14070,0.189,50.15,754,0.0,11,0.44,True,1.0
310.07,92.23,775,14070,0.297,49.31,775,0.0,11,0.44,True,1.0
300.04,53.95,695,14070,0.313,46.36,695,0.0,11,0.44,True,1.0
287.19,68.23,667,14070,0.181,43.41,667,0.0,11,0.44,True,1.0
266.94,53.39,743,14070,0.253,48.47,743,0.0,11,0.44,True,1.0
343.02,34.32,536,14070,0.52,45.06,536,0.0,12,0.48,True,1.0
340.15,73.28,623,14070,0.449,50.2,623,0.0,12,0.48,True,1.0
337.71,106.9,505,14070,0.35,48.35,505,0.0,12,0.48,True,1.0
327.91,35.4,703,14070,0.209,52.26,703,0.0,12,0.48,True,1.0
345.82,107.81,367,14070,0.149,23.46,367,0.0,12,0.48,False,0.0
305.48,92.73,581,14070,0.247,48.35,581,0.0,12,0.48,True,1.0
298.07,55.0,693,14070,0.312,45.27,693,0.0,12,0.48,True,1.0
281.42,70.01,473,14070,0.201,44.03,473,0.0,12,0.48,True,1.0
264.01,53.11,727,14070,0.305,50.2,727,0.0,12,0.48,True,1.0
312.25,78.8,573,14070,0.25,45.06,573,0.0,12,0.48,True,1.0
343.11,34.09,590,14070,0.512,46.17,590,0.0,13,0.52,True,1.0
340.19,73.13,650,14070,0.454,51.0,650,0.0,13,0.52,True,1.0
337.84,106.69,588,14070,0.377,56.06,588,0.0,13,0.52,True,1.0
326.97,35.03,657,14070,0.36,48.36,657,0.0,13,0.52,True,1.0
345.94,107.79,412,14070,0.297,27.26,412,0.0,13,0.52,True,1.0
307.07,92.21,744,14070,0.294,47.05,744,0.0,13,0.52,True,1.0
296.04,55.04,704,14070,0.289,45.73,704,0.0,13,0.52,True,1.0
281.05,70.06,687,14070,0.314,47.7,687,0.0,13,0.52,True,1.0
261.03,53.17,727,14070,0.31,49.9,727,0.0,13,0.52,True,1.0
312.02,78.93,687,14070,0.328,45.73,687,0.0,13,0.52,True,1.0
349.9,72.13,231,14070,0.215,14.3,231,0.0,14,0.56,False,0.0
343.68,33.81,587,14070,0.453,43.84,587,0.0,14,0.56,True,1.0
340.84,72.16,633,14070,0.434,50.28,633,0.0,14,0.56,True,1.0
338.17,106.76,641,14070,0.368,60.76,641,0.0,14,0.56,True,1.0
324.97,35.0,685,14070,0.355,51.47,685,0.0,14,0.56,True,1.0
310.92,78.85,729,14070,0.234,46.94,729,0.0,14,0.56,True,1.0
292.97,56.0,714,14070,0.28,46.46,714,0.0,14,0.56,True,1.0
280.02,70.02,695,14070,0.313,47.42,695,0.0,14,0.56,True,1.0
259.05,52.91,727,14070,0.323,50.75,727,0.0,14,0.56,True,1.0
307.85,91.85,749,14070,0.21,47.65,749,0.0,14,0.56,True,1.0
341.36,72.04,641,14070,0.335,51.61,641,0.0,15,0.6,True,1.0
349.76,72.32,254,14070,0.141,15.64,254,0.0,15,0.6,False,0.0
344.23,32.97,553,14070,0.442,44.01,553,0.0,15,0.6,True,1.0
338.41,106.78,637,14070,0.28,56.97,637,0.0,15,0.6,True,1.0
323.92,34.7,654,14070,0.304,47.81,654,0.0,15,0.6,True,1.0
308.9,77.99,692,14070,0.247,44.68,692,0.0,15,0.6,True,1.0
305.05,91.98,756,14070,0.282,47.14,756,0.0,15,0.6,True,1.0
291.03,56.99,715,14070,0.266,46.25,715,0.0,15,0.6,True,1.0
277.26,70.94,629,14070,0.323,46.92,629,0.0,15,0.6,True,1.0
257.93,52.38,735,14070,0.25,49.38,735,0.0,15,0.6,True,1.0
349.79,72.95,262,14070,0.173,16.76,262,0.0,16,0.64,False,0.0
343.69,34.17,468,14070,0.201,38.49,468,0.0,16,0.64,True,1.0
341.35,72.45,545,14070,0.264,49.66,545,0.0,16,0.64,True,1.0
338.5,106.74,606,14070,0.231,52.77,606,0.0,16,0.64,True,1.0
322.89,34.31,684,14070,0.292,51.52,684,0.0,16,0.64,True,1.0
303.98,91.89,756,14070,0.265,47.39,756,0.0,16,0.64,True,1.0
301.4,78.1,555,14070,0.299,44.49,555,0.0,16,0.64,True,1.0
289.03,57.84,721,14070,0.285,48.21,721,0.0,16,0.64,True,1.0
275.29,71.76,606,14070,0.281,48.01,606,0.0,16,0.64,True,1.0
255.12,52.12,696,14070,0.292,49.04,696,0.0,16,0.64,True,1.0
349.81,73.1,255,14070,0.168,16.65,255,0.0,17,0.68,False,0.0
343.68,34.91,491,14070,0.241,39.12,491,0.0,17,0.68,True,1.0
341.45,73.01,574,14070,0.256,48.35,574,0.0,17,0.68,True,1.0
338.55,106.37,602,14070,0.22,49.95,602,0.0,17,0.68,True,1.0
321.78,34.38,660,14070,0.221,50.95,660,0.0,17,0.68,True,1.0
299.09,92.22,703,14070,0.307,47.14,703,0.0,17,0.68,True,1.0
299.08,77.91,641,14070,0.319,47.14,641,0.0,17,0.68,True,1.0
287.0,57.8,705,14070,0.27,45.54,705,0.0,17,0.68,True,1.0
274.18,72.11,654,14070,0.323,48.15,654,0.0,17,0.68,True,1.0
253.01,52.31,706,14070,0.272,46.94,706,0.0,17,0.68,True,1.0
349.9,74.66,268,14070,0.256,19.36,268,0.0,18,0.72,False,0.0
343.92,34.75,525,14070,0.29,44.36,525,0.0,18,0.72,True,1.0
341.77,74.09,658,14070,0.426,50.0,658,0.0,18,0.72,True,1.0
338.57,107.06,705,14070,0.28,49.8,705,0.0,18,0.72,True,1.0
319.95,33.82,691,14070,0.32,51.42,691,0.0,18,0.72,True,1.0
296.25,92.23,631,14070,0.281,46.17,631,0.0,18,0.72,True,1.0
284.97,58.22,710,14070,0.241,45.17,710,0.0,18,0.72,True,1.0
271.53,72.81,548,14070,0.258,48.39,548,0.0,18,0.72,True,1.0
250.97,52.09,710,14070,0.273,48.59,710,0.0,18,0.72,True,1.0
297.09,77.29,680,14070,0.297,45.97,680,0.0,18,0.72,True,1.0
341.87,75.17,678,14070,0.474,54.3,678,0.0,19,0.76,True,1.0
350.0,75.04,281,14070,0.37,17.89,281,0.0,19,0.76,False,0.0
346.75,107.09,357,14070,0.389,28.32,357,0.0,19,0.76,True,1.0
343.9,34.24,512,14070,0.296,43.44,512,0.0,19,0.76,True,1.0
338.74,107.0,717,14070,0.312,50.68,717,0.0,19,0.76,True,1.0
295.11,77.28,672,14070,0.303,46.85,672,0.0,19,0.76,True,1.0
294.34,91.99,586,14070,0.294,46.21,586,0.0,19,0.76,True,1.0
282.97,58.8,718,14070,0.219,46.42,718,0.0,19,0.76,True,1.0
270.5,72.8,544,14070,0.265,47.06,544,0.0,19,0.76,True,1.0
249.0,51.6,706,14070,0.252,46.0,706,0.0,19,0.76,True,1.0
317.37,33.22,590,14070,0.287,46.42,590,0.0,19,0.76,True,1.0
317.06,33.11,658,14070,0.345,49.05,658,0.0,20,0.8,True,1.0
349.99,75.01,270,14070,0.348,17.55,270,0.0,20,0.8,False,0.0
343.92,34.01,515,14070,0.314,43.34,515,0.0,20,0.8,True,1.0
341.91,75.4,620,14070,0.457,53.7,620,0.0,20,0.8,True,1.0
338.84,107.09,703,14070,0.31,51.37,703,0.0,20,0.8,True,1.0
292.37,91.81,604,14070,0.286,48.62,604,0.0,20,0.8,True,1.0
281.03,59.11,723,14070,0.24,47.57,723,0.0,20,0.8,True,1.0
268.53,73.21,541,14070,0.222,46.51,541,0.0,20,0.8,True,1.0
246.99,51.43,725,14070,0.253,46.93,725,0.0,20,0.8,True,1.0
294.07,77.24,749,14070,0.308,47.78,749,0.0,20,0.8,True,1.0
341.92,77.15,640,14070,0.521,49.53,640,0.0,21,0.84,True,1.0
343.93,33.7,519,14070,0.359,42.93,519,0.0,21,0.84,True,1.0
292.08,77.21,743,14070,0.317,47.59,743,0.0,21,0.84,True,1.0
350.01,79.72,241,14070,0.455,20.59,241,0.0,21,0.84,False,0.0
346.85,107.08,346,14070,0.413,28.75,346,0.0,21,0.84,True,1.0
338.79,107.13,686,14070,0.32,45.84,686,0.0,21,0.84,True,1.0
245.03,51.24,713,14070,0.3,48.95,713,0.0,21,0.84,True,1.0
290.32,92.03,620,14070,0.307,47.39,620,0.0,21,0.84,True,1.0
278.99,59.07,715,14070,0.252,46.42,715,0.0,21,0.84,True,1.0
270.11,73.03,723,14070,0.307,47.39,723,0.0,21,0.84,True,1.0
316.02,32.76,619,14070,0.319,46.03,619,0.0,21,0.84,True,1.0
338.54,106.15,687,14070,0.267,53.07,687,0.0,22,0.88,True,1.0
346.9,107.93,343,14070,0.436,27.89,343,0.0,22,0.88,True,1.0
343.88,33.17,544,14070,0.307,44.54,544,0.0,22,0.88,True,1.0
341.97,78.27,597,14070,0.516,49.32,597,0.0,22,0.88,True,1.0
331.64,111.05,461,14070,0.085,46.41,461,0.0,22,0.88,True,1.0
349.98,80.67,224,14070,0.406,18.73,224,0.0,22,0.88,False,0.0
293.89,91.79,718,14070,0.215,45.16,718,0.0,22,0.88,True,1.0
291.02,76.94,767,14070,0.28,47.87,767,0.0,22,0.88,True,1.0
276.06,59.16,712,14070,0.264,46.82,712,0.0,22,0.88,True,1.0
269.05,73.1,731,14070,0.284,47.87,731,0.0,22,0.88,True,1.0
243.01,50.42,730,14070,0.262,47.03,730,0.0,22,0.88,True,1.0
314.24,32.31,615,14070,0.28,45.99,615,0.0,22,0.88,True,1.0
343.86,33.03,543,14070,0.198,41.89,543,0.0,23,0.92,True,1.0
341.88,79.15,634,14070,0.519,49.58,634,0.0,23,0.92,True,1.0
349.83,81.81,244,14070,0.424,18.82,244,0.0,23,0.92,False,0.0
346.78,107.84,410,14070,0.449,33.41,410,0.0,23,0.92,True,1.0
338.98,104.91,856,14070,0.354,57.0,856,0.0,23,0.92,True,1.0
330.89,111.25,776,14070,0.101,67.61,776,0.0,23,0.92,True,1.0
314.06,32.21,622,14070,0.298,46.13,622,0.0,23,0.92,True,1.0
291.94,91.79,723,14070,0.228,45.34,723,0.0,23,0.92,True,1.0
285.34,76.18,610,14070,0.294,46.13,610,0.0,23,0.92,True,1.0
275.09,59.35,686,14070,0.245,44.28,686,0.0,23,0.92,True,1.0
267.06,74.02,726,14070,0.322,46.93,726,0.0,23,0.92,True,1.0
241.03,50.02,715,14070,0.31,50.9,715,0.0,23,0.92,True,1.0
343.78,32.89,547,14070,0.159,39.04,547,0.0,24,0.96,True,1.0
342.0,82.01,648,14070,0.523,48.09,648,0.0,24,0.96,True,1.0
339.06,104.78,842,14070,0.344,59.46,842,0.0,24,0.96,True,1.0
330.76,111.29,830,14070,0.105,65.93,830,0.0,24,0.96,True,1.0
346.82,106.94,426,14070,0.475,34.13,426,0.0,24,0.96,True,1.0
286.96,76.65,764,14070,0.169,48.09,764,0.0,24,0.96,True,1.0
273.9,58.87,709,14070,0.193,48.09,709,0.0,24,0.96,True,1.0
265.05,73.97,714,14070,0.305,46.54,714,0.0,24,0.96,True,1.0
239.01,49.78,724,14070,0.275,50.16,724,0.0,24,0.96,True,1.0
290.05,92.02,732,14070,0.279,45.76,732,0.0,24,0.96,True,1.0
313.14,31.95,618,14070,0.28,47.05,618,0.0,24,0.96,True,1.0
330.58,111.63,760,14070,0.016,57.64,760,0.0,25,1.0,True,1.0
349.81,82.3,229,14070,0.403,18.91,229,0.0,25,1.0,False,0.0
346.95,106.09,417,14070,0.482,32.81,417,0.0,25,1.0,True,1.0
341.68,83.05,622,14070,0.474,47.16,622,0.0,25,1.0,True,1.0
342.55,32.91,555,14070,0.093,42.37,555,0.0,25,1.0,True,1.0
339.1,104.04,849,14070,0.359,58.09,849,0.0,25,1.0,True,1.0
312.92,31.84,603,14070,0.287,45.11,603,0.0,25,1.0,True,1.0
284.91,76.33,747,14070,0.202,48.07,747,0.0,25,1.0,True,1.0
272.0,58.32,676,14070,0.232,45.11,676,0.0,25,1.0,True,1.0
264.02,74.3,712,14070,0.22,46.47,712,0.0,25,1.0,True,1.0
236.97,49.78,713,14070,0.26,48.98,713,0.0,25,1.0,True,1.0
289.02,91.99,731,14070,0.281,45.79,731,0.0,25,1.0,True,1.0
339.27,103.95,845,14070,0.37,57.34,845,0.0,26,1.04,True,1.0
349.68,84.17,244,14070,0.377,17.09,244,0.0,26,1.04,False,0.0
341.14,85.02,684,14070,0.526,49.92,684,0.0,26,1.04,True,1.0
340.46,32.96,490,14070,0.215,38.9,490,0.0,26,1.04,True,1.0
329.88,111.42,749,14070,0.121,51.27,749,0.0,26,1.04,True,1.0
347.02,105.96,418,14070,0.463,32.61,418,0.0,26,1.04,True,1.0
286.05,92.27,733,14070,0.306,47.67,733,0.0,26,1.04,True,1.0
282.9,76.35,748,14070,0.21,47.22,748,0.0,26,1.04,True,1.0
266.59,57.25,507,14070,0.239,44.07,507,0.0,26,1.04,True,1.0
259.3,75.88,585,14070,0.299,46.1,585,0.0,26,1.04,True,1.0
235.02,49.07,722,14070,0.305,50.59,722,0.0,26,1.04,True,1.0
311.96,31.66,633,14070,0.269,44.52,633,0.0,26,1.04,True,1.0
349.2,87.9,259,14070,0.351,17.3,259,0.0,27,1.08,False,0.0
341.0,86.97,664,14070,0.522,49.45,664,0.0,27,1.08,True,1.0
339.56,103.83,771,14070,0.361,56.55,771,0.0,27,1.08,True,1.0
339.32,33.65,488,14070,0.243,36.14,488,0.0,27,1.08,True,1.0
324.01,112.23,783,14070,0.295,52.11,783,0.0,27,1.08,True,1.0
265.31,56.15,604,14070,0.29,45.9,604,0.0,27,1.08,True,1.0
284.06,92.25,743,14070,0.303,47.68,743,0.0,27,1.08,True,1.0
280.03,76.06,743,14070,0.25,48.12,743,0.0,27,1.08,True,1.0
262.08,75.13,747,14070,0.243,49.67,747,0.0,27,1.08,True,1.0
233.03,48.91,706,14070,0.265,49.01,706,0.0,27,1.08,True,1.0
310.16,31.25,614,14070,0.269,45.68,614,0.0,27,1.08,True,1.0
341.12,87.11,634,14070,0.491,48.65,634,0.0,28,1.12,True,1.0
339.66,102.88,719,14070,0.382,56.69,719,0.0,28,1.12,True,1.0
337.52,34.01,460,14070,0.192,39.06,460,0.0,28,1.12,True,1.0
323.0,112.41,796,14070,0.25,50.89,796,0.0,28,1.12,True,1.0
309.09,31.2,612,14070,0.286,46.2,612,0.0,28,1.12,True,1.0
348.88,89.87,279,14070,0.356,17.18,279,0.0,28,1.12,False,0.0
277.95,75.84,740,14070,0.201,48.88,740,0.0,28,1.12,True,1.0
264.15,54.96,669,14070,0.332,45.31,669,0.0,28,1.12,True,1.0
260.97,75.24,738,14070,0.214,49.55,738,0.0,28,1.12,True,1.0
231.97,48.71,717,14070,0.244,47.54,717,0.0,28,1.12,True,1.0
279.33,92.84,617,14070,0.251,48.88,617,0.0,28,1.12,True,1.0
348.91,89.98,263,14070,0.325,15.82,263,0.0,29,1.16,False,0.0
340.98,88.15,606,14070,0.503,48.29,606,0.0,29,1.16,True,1.0
339.92,101.68,636,14070,0.459,53.08,636,0.0,29,1.16,True,1.0
338.03,33.93,560,14070,0.249,36.43,560,0.0,29,1.16,True,1.0
321.02,112.42,787,14070,0.262,50.17,787,0.0,29,1.16,True,1.0
308.92,30.88,648,14070,0.309,49.75,648,0.0,29,1.16,True,1.0
275.94,75.57,730,14070,0.171,47.25,730,0.0,29,1.16,True,1.0
260.05,75.28,716,14070,0.199,48.5,716,0.0,29,1.16,True,1.0
260.45,52.99,575,14070,0.256,44.96,575,0.0,29,1.16,True,1.0
229.96,48.23,704,14070,0.29,49.33,704,0.0,29,1.16,True,1.0
280.07,92.27,736,14070,0.302,48.09,736,0.0,29,1.16,True,1.0
337.93,34.04,586,14070,0.199,37.77,586,0.0,30,1.2,True,1.0
347.72,101.97,334,14070,0.381,22.78,334,0.0,30,1.2,False,0.0
341.05,88.34,560,14070,0.469,48.76,560,0.0,30,1.2,True,1.0
340.0,98.05,648,14070,0.51,46.56,648,0.0,30,1.2,True,1.0
318.06,112.43,778,14070,0.256,50.95,778,0.0,30,1.2,True,1.0
348.9,92.83,230,14070,0.411,15.39,230,0.0,30,1.2,False,0.0
276.11,92.74,711,14070,0.321,48.16,711,0.0,30,1.2,True,1.0
273.94,75.3,765,14070,0.228,48.76,765,0.0,30,1.2,True,1.0
258.74,75.15,686,14070,0.173,48.16,686,0.0,30,1.2,True,1.0
259.17,52.88,696,14070,0.335,45.96,696,0.0,30,1.2,True,1.0
227.96,47.41,721,14070,0.256,47.76,721,0.0,30,1.2,True,1.0
308.03,30.74,648,14070,0.296,50.75,648,0.0,30,1.2,True,1.0
340.0,91.96,628,14070,0.526,47.65,628,0.0,31,1.24,True,1.0
337.06,34.28,587,14070,0.189,38.32,587,0.0,31,1.24,True,1.0
348.86,91.99,249,14070,0.353,15.88,249,0.0,31,1.24,False,0.0
348.06,101.09,294,14070,0.453,21.44,294,0.0,31,1.24,False,0.0
315.18,113.03,682,14070,0.312,50.43,682,0.0,31,1.24,True,1.0
271.02,75.61,753,14070,0.247,47.45,753,0.0,31,1.24,True,1.0
276.93,92.66,717,14070,0.236,46.65,717,0.0,31,1.24,True,1.0
306.9,30.12,578,14070,0.325,45.26,578,0.0,31,1.24,True,1.0
256.82,75.96,696,14070,0.21,46.45,696,0.0,31,1.24,True,1.0
256.53,50.34,532,14070,0.296,44.27,532,0.0,31,1.24,True,1.0
225.95,47.17,688,14070,0.318,49.63,688,0.0,31,1.24,True,1.0
348.57,97.96,255,14070,0.375,17.89,255,0.0,32,1.28,False,0.0
340.02,92.01,671,14070,0.513,47.78,671,0.0,32,1.28,True,1.0
335.93,35.33,521,14070,0.064,40.06,521,0.0,32,1.28,True,1.0
314.14,113.08,725,14070,0.324,51.85,725,0.0,32,1.28,True,1.0
305.07,30.04,581,14070,0.33,45.75,581,0.0,32,1.28,True,1.0
273.04,92.19,717,14070,0.321,46.56,717,0.0,32,1.28,True,1.0
269.98,75.63,746,14070,0.189,46.77,746,0.0,32,1.28,True,1.0
256.06,49.92,695,14070,0.303,45.95,695,0.0,32,1.28,True,1.0
254.91,76.71,715,14070,0.22,48.6,715,0.0,32,1.28,True,1.0
224.01,46.99,720,14070,0.297,50.83,720,0.0,32,1.28,True,1.0
339.8,90.29,617,14070,0.443,47.24,617,0.0,33,1.32,True,1.0
330.09,37.45,532,14070,0.164,50.63,532,0.0,33,1.32,True,1.0
313.06,113.28,769,14070,0.318,50.83,769,0.0,33,1.32,True,1.0
304.07,29.54,642,14070,0.237,46.45,642,0.0,33,1.32,True,1.0
348.74,97.91,238,14070,0.451,18.74,238,0.0,33,1.32,False,0.0
267.81,75.18,721,14070,0.19,48.64,721,0.0,33,1.32,True,1.0
253.0,76.96,726,14070,0.239,48.24,726,0.0,33,1.32,True,1.0
253.08,49.09,679,14070,0.328,45.85,679,0.0,33,1.32,True,1.0
221.95,46.77,716,14070,0.269,48.64,716,0.0,33,1.32,True,1.0
272.04,92.18,750,14070,0.31,48.24,750,0.0,33,1.32,True,1.0
340.12,90.07,619,14070,0.492,49.56,619,0.0,34,1.36,True,1.0
329.72,38.57,653,14070,0.132,53.32,653,0.0,34,1.36,True,1.0
311.1,112.94,726,14070,0.349,50.61,726,0.0,34,1.36,True,1.0
303.24,29.32,613,14070,0.264,45.38,613,0.0,34,1.36,True,1.0
348.62,95.71,216,14070,0.287,17.36,216,0.0,34,1.36,False,0.0
265.94,75.63,743,14070,0.171,47.26,743,0.0,34,1.36,True,1.0
252.07,77.1,749,14070,0.24,51.44,749,0.0,34,1.36,True,1.0
251.02,48.01,709,14070,0.308,45.59,709,0.0,34,1.36,True,1.0
220.05,45.94,720,14070,0.306,49.56,720,0.0,34,1.36,True,1.0
270.04,92.19,748,14070,0.312,48.51,748,0.0,34,1.36,True,1.0
348.87,92.95,231,14070,0.384,14.48,231,0.0,35,1.4,False,0.0
340.21,89.1,617,14070,0.443,45.37,617,0.0,35,1.4,True,1.0
329.14,39.16,820,14070,0.18,54.88,820,0.0,35,1.4,True,1.0
309.07,113.28,754,14070,0.303,50.56,754,0.0,35,1.4,True,1.0
302.31,29.13,563,14070,0.289,47.32,563,0.0,35,1.4,True,1.0
268.03,92.23,736,14070,0.315,48.18,736,0.0,35,1.4,True,1.0
250.87,77.14,711,14070,0.129,50.34,711,0.0,35,1.4,True,1.0
251.02,47.79,728,14070,0.18,48.18,728,0.0,35,1.4,True,1.0
218.06,45.75,704,14070,0.312,49.26,704,0.0,35,1.4,True,1.0
264.02,76.32,738,14070,0.237,48.18,738,0.0,35,1.4,True,1.0
308.05,113.27,757,14070,0.31,49.85,757,0.0,36,1.44,True,1.0
348.93,92.91,231,14070,0.421,16.84,231,0.0,36,1.44,False,0.0
340.33,87.08,591,14070,0.401,43.73,591,0.0,36,1.44,True,1.0
329.73,39.14,788,14070,0.257,55.75,788,0.0,36,1.44,True,1.0
301.96,29.01,620,14070,0.321,50.72,620,0.0,36,1.44,True,1.0
217.03,45.63,713,14070,0.262,48.32,713,0.0,36,1.44,True,1.0
263.98,76.85,763,14070,0.225,50.51,763,0.0,36,1.44,True,1.0
249.81,46.72,652,14070,0.24,46.13,652,0.0,36,1.44,True,1.0
248.06,79.0,718,14070,0.251,49.41,718,0.0,36,1.44,True,1.0
266.05,92.03,671,14070,0.331,45.7,671,0.0,36,1.44,True,1.0
349.85,86.01,148,14070,0.48,11.48,148,0.0,37,1.48,False,0.0
340.92,84.96,584,14070,0.463,41.87,584,0.0,37,1.48,True,1.0
328.76,39.83,827,14070,0.164,53.99,827,0.0,37,1.48,True,1.0
305.05,113.22,725,14070,0.312,51.01,725,0.0,37,1.48,True,1.0
301.02,28.79,591,14070,0.268,48.25,591,0.0,37,1.48,True,1.0
262.84,77.17,745,14070,0.225,50.59,745,0.0,37,1.48,True,1.0
246.86,79.96,710,14070,0.208,49.52,710,0.0,37,1.48,True,1.0
243.5,45.12,557,14070,0.285,46.76,557,0.0,37,1.48,True,1.0
215.07,44.96,727,14070,0.293,49.74,727,0.0,37,1.48,True,1.0
265.03,92.26,673,14070,0.313,44.21,673,0.0,37,1.48,True,1.0
349.91,84.86,242,14070,0.501,19.68,242,0.0,38,1.52,False,0.0
341.86,83.67,563,14070,0.502,46.35,563,0.0,38,1.52,True,1.0
338.71,91.89,568,14070,0.235,47.41,568,0.0,38,1.52,True,1.0
328.52,39.99,715,14070,0.14,53.97,715,0.0,38,1.52,True,1.0
300.08,28.55,631,14070,0.214,47.83,631,0.0,38,1.52,True,1.0
303.1,112.97,733,14070,0.336,52.07,733,0.0,38,1.52,True,1.0
260.97,77.73,752,14070,0.261,48.89,752,0.0,38,1.52,True,1.0
244.84,80.81,722,14070,0.203,49.31,722,0.0,38,1.52,True,1.0
243.26,45.17,646,14070,0.328,46.14,646,0.0,38,1.52,True,1.0
214.05,44.75,731,14070,0.265,49.95,731,0.0,38,1.52,True,1.0
263.05,92.05,662,14070,0.333,45.93,662,0.0,38,1.52,True,1.0
350.1,82.08,217,14070,0.545,17.87,217,0.0,39,1.56,False,0.0
341.23,79.17,608,14070,0.473,46.12,608,0.0,39,1.56,True,1.0
338.28,92.02,557,14070,0.236,48.42,557,0.0,39,1.56,True,1.0
325.86,42.02,762,14070,0.214,48.23,762,0.0,39,1.56,True,1.0
303.97,113.26,747,14070,0.264,47.08,747,0.0,39,1.56,True,1.0
299.04,28.24,621,14070,0.297,45.15,621,0.0,39,1.56,True,1.0
259.99,78.11,737,14070,0.251,48.61,737,0.0,39,1.56,True,1.0
243.81,81.17,706,14070,0.184,49.0,706,0.0,39,1.56,True,1.0
242.18,45.25,655,14070,0.312,46.31,655,0.0,39,1.56,True,1.0
212.93,44.62,711,14070,0.228,47.27,711,0.0,39,1.56,True,1.0
261.08,92.1,687,14070,0.314,48.04,687,0.0,39,1.56,True,1.0
324.75,42.31,679,14070,0.168,46.04,679,0.0,40,1.6,True,1.0
350.14,80.93,248,14070,0.54,21.08,248,0.0,40,1.6,False,0.0
341.82,76.12,650,14070,0.484,50.55,650,0.0,40,1.6,True,1.0
338.03,92.18,580,14070,0.246,51.98,580,0.0,40,1.6,True,1.0
301.99,113.03,762,14070,0.266,48.7,762,0.0,40,1.6,True,1.0
210.05,44.21,733,14070,0.307,49.73,733,0.0,40,1.6,True,1.0
260.06,91.79,686,14070,0.325,46.66,686,0.0,40,1.6,True,1.0
241.08,82.19,711,14070,0.247,47.48,711,0.0,40,1.6,True,1.0
298.92,28.16,609,14070,0.292,45.84,609,0.0,40,1.6,True,1.0
257.83,78.7,717,14070,0.212,47.27,717,0.0,40,1.6,True,1.0
242.17,45.25,661,14070,0.311,47.07,661,0.0,40,1.6,True,1.0
350.68,76.97,235,14070,0.474,21.38,235,0.0,41,1.64,False,0.0
342.29,73.16,645,14070,0.446,50.01,645,0.0,41,1.64,True,1.0
337.71,92.3,545,14070,0.258,48.05,545,0.0,41,1.64,True,1.0
321.12,44.14,745,14070,0.27,44.91,745,0.0,41,1.64,True,1.0
300.92,113.11,749,14070,0.252,49.03,749,0.0,41,1.64,True,1.0
256.0,79.13,728,14070,0.239,49.62,728,0.0,41,1.64,True,1.0
241.37,45.14,616,14070,0.333,48.25,616,0.0,41,1.64,True,1.0
240.0,83.12,708,14070,0.24,47.46,708,0.0,41,1.64,True,1.0
208.92,43.73,711,14070,0.262,48.05,711,0.0,41,1.64,True,1.0
260.09,91.42,704,14070,0.264,43.93,704,0.0,41,1.64,True,1.0
297.06,28.14,604,14070,0.296,45.3,604,0.0,41,1.64,True,1.0
295.91,27.72,626,14070,0.254,47.86,626,0.0,42,1.68,True,1.0
350.69,76.98,238,14070,0.472,21.68,238,0.0,42,1.68,False,0.0
342.77,73.89,677,14070,0.509,47.86,677,0.0,42,1.68,True,1.0
337.16,92.88,541,14070,0.243,46.3,541,0.0,42,1.68,True,1.0
319.1,45.21,770,14070,0.215,45.52,770,0.0,42,1.68,True,1.0
295.17,112.2,675,14070,0.279,49.62,675,0.0,42,1.68,True,1.0
253.89,79.73,726,14070,0.22,47.86,726,0.0,42,1.68,True,1.0
241.24,45.19,649,14070,0.331,47.47,649,0.0,42,1.68,True,1.0
238.91,84.24,692,14070,0.21,48.06,692,0.0,42,1.68,True,1.0
207.89,42.96,714,14070,0.275,49.82,714,0.0,42,1.68,True,1.0
258.06,91.23,690,14070,0.31,46.69,690,0.0,42,1.68,True,1.0
350.98,75.14,181,14070,0.543,16.49,181,0.0,43,1.72,False,0.0
343.3,72.01,668,14070,0.444,51.27,668,0.0,43,1.72,True,1.0
336.91,93.89,485,14070,0.335,37.6,485,0.0,43,1.72,True,1.0
317.97,45.24,725,14070,0.19,44.64,725,0.0,43,1.72,True,1.0
296.9,112.85,743,14070,0.229,48.06,743,0.0,43,1.72,True,1.0
294.93,27.29,661,14070,0.271,48.46,661,0.0,43,1.72,True,1.0
251.87,79.71,729,14070,0.176,48.46,729,0.0,43,1.72,True,1.0
243.8,45.33,628,14070,0.263,43.63,628,0.0,43,1.72,True,1.0
237.04,85.13,689,14070,0.265,49.26,689,0.0,43,1.72,True,1.0
205.05,42.27,720,14070,0.301,48.86,720,0.0,43,1.72,True,1.0
258.91,90.95,709,14070,0.242,45.64,709,0.0,43,1.72,True,1.0
343.78,71.17,652,14070,0.424,51.75,652,0.0,44,1.76,True,1.0
336.58,95.05,504,14070,0.329,40.18,504,0.0,44,1.76,True,1.0
314.89,46.73,725,14070,0.244,44.85,725,0.0,44,1.76,True,1.0
294.96,112.81,757,14070,0.254,48.1,757,0.0,44,1.76,True,1.0
293.92,27.29,673,14070,0.274,47.89,673,0.0,44,1.76,True,1.0
245.51,78.86,522,14070,0.258,44.85,522,0.0,44,1.76,True,1.0
238.06,45.89,645,14070,0.344,47.28,645,0.0,44,1.76,True,1.0
204.86,42.22,686,14070,0.245,51.55,686,0.0,44,1.76,True,1.0
254.07,90.99,683,14070,0.323,45.66,683,0.0,44,1.76,True,1.0
235.15,86.14,701,14070,0.312,47.28,701,0.0,44,1.76,True,1.0
203.0,41.33,720,14070,0.264,50.79,720,0.0,45,1.8,True,1.0
234.0,87.03,727,14070,0.255,49.34,727,0.0,45,1.8,True,1.0
235.11,45.8,640,14070,0.316,46.04,640,0.0,45,1.8,True,1.0
248.76,78.98,676,14070,0.206,48.11,676,0.0,45,1.8,True,1.0
290.09,112.31,704,14070,0.287,49.14,704,0.0,45,1.8,True,1.0
292.9,27.13,648,14070,0.301,47.69,648,0.0,45,1.8,True,1.0
313.94,47.09,723,14070,0.233,46.04,723,0.0,45,1.8,True,1.0
336.23,96.03,479,14070,0.339,38.4,479,0.0,45,1.8,True,1.0
343.84,71.19,639,14070,0.427,52.65,639,0.0,45,1.8,True,1.0
254.93,90.72,701,14070,0.233,44.39,701,0.0,45,1.8,True,1.0
343.9,71.22,632,14070,0.421,53.03,632,0.0,46,1.84,True,1.0
292.01,27.29,669,14070,0.268,47.83,669,0.0,46,1.84,True,1.0
336.02,96.86,479,14070,0.331,40.14,479,0.0,46,1.84,True,1.0
307.33,49.77,602,14070,0.266,45.75,602,0.0,46,1.84,True,1.0
287.23,112.32,669,14070,0.251,49.71,669,0.0,46,1.84,True,1.0
245.9,77.81,736,14070,0.144,48.46,736,0.0,46,1.84,True,1.0
232.68,88.06,686,14070,0.206,49.29,686,0.0,46,1.84,True,1.0
232.1,45.69,650,14070,0.282,45.34,650,0.0,46,1.84,True,1.0
202.02,40.89,717,14070,0.266,51.79,717,0.0,46,1.84,True,1.0
248.4,90.78,582,14070,0.26,44.92,582,0.0,46,1.84,True,1.0
343.9,71.11,636,14070,0.436,53.05,636,0.0,47,1.88,True,1.0
335.91,97.73,427,14070,0.349,35.78,427,0.0,47,1.88,True,1.0
308.94,48.96,736,14070,0.251,45.97,736,0.0,47,1.88,True,1.0
291.11,27.03,606,14070,0.279,47.64,606,0.0,47,1.88,True,1.0
285.26,112.32,651,14070,0.248,47.64,651,0.0,47,1.88,True,1.0
246.33,90.82,595,14070,0.292,44.31,595,0.0,47,1.88,True,1.0
230.88,88.97,715,14070,0.225,51.17,715,0.0,47,1.88,True,1.0
228.21,45.96,618,14070,0.287,46.39,618,0.0,47,1.88,True,1.0
200.96,40.71,703,14070,0.231,50.55,703,0.0,47,1.88,True,1.0
243.75,77.49,691,14070,0.124,46.39,691,0.0,47,1.88,True,1.0
290.84,26.79,633,14070,0.297,47.71,633,0.0,48,1.92,True,1.0
335.86,98.17,426,14070,0.338,38.73,426,0.0,48,1.92,True,1.0
307.06,50.1,787,14070,0.258,49.71,787,0.0,48,1.92,True,1.0
344.44,70.0,631,14070,0.325,48.91,631,0.0,48,1.92,True,1.0
287.91,112.87,735,14070,0.237,48.51,735,0.0,48,1.92,True,1.0
228.86,90.04,674,14070,0.208,48.71,674,0.0,48,1.92,True,1.0
240.97,76.89,730,14070,0.197,47.32,730,0.0,48,1.92,True,1.0
226.32,45.18,604,14070,0.256,46.52,604,0.0,48,1.92,True,1.0
199.03,40.11,703,14070,0.289,50.91,703,0.0,48,1.92,True,1.0
245.21,90.8,641,14070,0.304,45.12,641,0.0,48,1.92,True,1.0
344.87,69.25,597,14070,0.328,47.5,597,0.0,49,1.96,True,1.0
339.14,107.01,223,14070,0.151,13.2,223,0.2,49,1.96,False,0.0
335.77,98.85,394,14070,0.316,36.46,394,0.0,49,1.96,True,1.0
304.08,51.3,708,14070,0.239,44.54,708,0.0,49,1.96,True,1.0
289.25,26.79,611,14070,0.275,47.5,611,0.0,49,1.96,True,1.0
282.12,112.1,677,14070,0.31,47.69,677,0.0,49,1.96,True,1.0
247.88,90.63,692,14070,0.193,41.98,692,0.0,49,1.96,True,1.0
239.0,76.04,758,14070,0.229,48.68,758,0.0,49,1.96,True,1.0
228.03,91.28,664,14070,0.206,46.91,664,0.0,49,1.96,True,1.0
226.86,45.17,671,14070,0.269,46.71,671,0.0,49,1.96,True,1.0
196.96,39.31,702,14070,0.264,50.26,702,0.0,49,1.96,True,1.0
345.22,69.01,646,14070,0.364,51.28,646,0.0,50,2.0,True,1.0
335.77,99.28,392,14070,0.349,36.6,392,0.0,50,2.0,True,1.0
302.94,51.16,704,14070,0.23,44.64,704,0.0,50,2.0,True,1.0
288.16,26.6,644,14070,0.233,47.26,644,0.0,50,2.0,True,1.0
281.09,112.03,693,14070,0.295,46.45,693,0.0,50,2.0,True,1.0
244.07,90.34,696,14070,0.272,43.84,696,0.0,50,2.0,True,1.0
237.9,75.91,740,14070,0.185,48.46,740,0.0,50,2.0,True,1.0
226.9,92.25,666,14070,0.205,47.86,666,0.0,50,2.0,True,1.0
221.03,45.76,685,14070,0.322,46.85,685,0.0,50,2.0,True,1.0
195.87,38.44,709,14070,0.206,48.87,709,0.0,50,2.0,True,1.0
345.99,69.2,570,14070,0.252,47.82,570,0.0,51,2.04,True,1.0
335.7,99.87,346,14070,0.341,33.39,346,0.0,51,2.04,True,1.0
299.05,51.91,701,14070,0.301,43.49,701,0.0,51,2.04,True,1.0
287.09,26.59,633,14070,0.236,46.38,633,0.0,51,2.04,True,1.0
279.15,111.23,653,14070,0.311,46.38,653,0.0,51,2.04,True,1.0
243.1,90.18,709,14070,0.287,44.52,709,0.0,51,2.04,True,1.0
234.06,75.11,718,14070,0.299,47.61,718,0.0,51,2.04,True,1.0
225.03,93.34,647,14070,0.228,45.55,647,0.0,51,2.04,True,1.0
221.83,45.39,653,14070,0.238,43.49,653,0.0,51,2.04,True,1.0
194.86,38.3,706,14070,0.242,52.56,706,0.0,51,2.04,True,1.0
335.67,100.25,311,14070,0.325,30.99,311,0.0,52,2.08,True,1.0
298.95,52.18,724,14070,0.195,45.77,724,0.0,52,2.08,True,1.0
285.33,26.06,582,14070,0.255,46.99,582,0.0,52,2.08,True,1.0
278.09,111.11,684,14070,0.314,45.97,684,0.0,52,2.08,True,1.0
346.67,70.03,592,14070,0.248,49.82,592,0.0,52,2.08,True,1.0
232.96,74.85,740,14070,0.215,50.23,740,0.0,52,2.08,True,1.0
223.68,94.09,680,14070,0.247,49.01,680,0.0,52,2.08,True,1.0
214.28,45.73,611,14070,0.256,45.77,611,0.0,52,2.08,True,1.0
193.02,37.76,726,14070,0.257,51.44,726,0.0,52,2.08,True,1.0
242.97,90.39,719,14070,0.219,43.95,719,0.0,52,2.08,True,1.0
346.68,70.41,571,14070,0.265,48.84,571,0.0,53,2.12,True,1.0
335.73,100.81,269,14070,0.386,27.62,269,0.0,53,2.12,True,1.0
295.04,52.88,721,14070,0.283,45.43,721,0.0,53,2.12,True,1.0
285.23,26.21,620,14070,0.217,47.04,620,0.0,53,2.12,True,1.0
277.07,111.13,693,14070,0.314,46.24,693,0.0,53,2.12,True,1.0
241.88,90.38,703,14070,0.203,43.83,703,0.0,53,2.12,True,1.0
231.01,73.81,759,14070,0.23,50.24,759,0.0,53,2.12,True,1.0
221.93,96.22,701,14070,0.267,51.04,701,0.0,53,2.12,True,1.0
212.14,46.92,618,14070,0.334,45.84,618,0.0,53,2.12,True,1.0
191.95,37.43,710,14070,0.223,47.84,710,0.0,53,2.12,True,1.0
335.79,101.14,227,14070,0.421,24.33,227,0.0,54,2.16,False,0.0
293.08,53.05,731,14070,0.29,46.23,731,0.0,54,2.16,True,1.0
284.87,26.28,653,14070,0.242,45.62,653,0.0,54,2.16,True,1.0
275.04,111.0,696,14070,0.336,48.05,696,0.0,54,2.16,True,1.0
346.69,70.36,574,14070,0.274,48.66,574,0.0,54,2.16,True,1.0
229.04,73.17,742,14070,0.294,50.89,742,0.0,54,2.16,True,1.0
221.15,97.2,710,14070,0.287,51.7,710,0.0,54,2.16,True,1.0
208.39,47.75,554,14070,0.246,44.4,554,0.0,54,2.16,True,1.0
190.99,36.8,725,14070,0.228,49.88,725,0.0,54,2.16,True,1.0
235.32,90.76,589,14070,0.277,43.19,589,0.0,54,2.16,True,1.0
335.79,101.3,171,14070,0.466,17.52,171,0.0,55,2.2,False,0.0
292.05,53.39,694,14070,0.227,42.98,694,0.0,55,2.2,True,1.0
283.1,26.29,667,14070,0.249,46.04,667,0.0,55,2.2,True,1.0
275.0,111.06,742,14070,0.321,51.74,742,0.0,55,2.2,True,1.0
346.68,70.06,595,14070,0.234,50.52,595,0.0,55,2.2,True,1.0
226.95,72.95,722,14070,0.221,48.69,722,0.0,55,2.2,True,1.0
219.96,98.12,648,14070,0.294,44.41,648,0.0,55,2.2,True,1.0
206.3,47.89,596,14070,0.266,46.65,596,0.0,55,2.2,True,1.0
189.88,36.45,700,14070,0.203,47.26,700,0.0,55,2.2,True,1.0
234.23,90.75,613,14070,0.292,42.98,613,0.0,55,2.2,True,1.0
345.88,70.11,648,14070,0.083,42.33,648,0.0,56,2.24,True,1.0
336.0,102.98,133,14070,0.612,11.78,133,0.0,56,2.24,False,0.0
290.03,53.97,732,14070,0.297,46.33,732,0.0,56,2.24,True,1.0
282.01,26.07,670,14070,0.248,49.92,670,0.0,56,2.24,True,1.0
273.02,110.88,766,14070,0.291,50.72,766,0.0,56,2.24,True,1.0
234.09,90.81,676,14070,0.34,44.33,676,0.0,56,2.24,True,1.0
218.98,99.12,675,14070,0.256,47.32,675,0.0,56,2.24,True,1.0
204.14,49.03,612,14070,0.317,43.53,612,0.0,56,2.24,True,1.0
188.86,36.27,704,14070,0.239,50.92,704,0.0,56,2.24,True,1.0
220.39,71.29,551,14070,0.291,45.53,551,0.0,56,2.24,True,1.0
280.99,26.07,669,14070,0.246,50.04,669,0.0,57,2.28,True,1.0
343.34,69.47,519,14070,0.213,40.98,519,0.0,57,2.28,True,1.0
335.99,103.97,111,14070,0.612,10.24,111,0.0,57,2.28,False,0.0
288.05,54.83,717,14070,0.292,47.68,717,0.0,57,2.28,True,1.0
271.05,110.88,757,14070,0.288,50.04,757,0.0,57,2.28,True,1.0
186.04,35.23,730,14070,0.323,46.89,730,0.0,57,2.28,True,1.0
222.97,71.31,718,14070,0.241,45.12,718,0.0,57,2.28,True,1.0
216.92,99.91,685,14070,0.283,47.48,685,0.0,57,2.28,True,1.0
201.22,50.21,599,14070,0.276,44.33,599,0.0,57,2.28,True,1.0
234.05,91.11,720,14070,0.299,46.1,720,0.0,57,2.28,True,1.0
343.12,69.9,589,14070,0.31,41.84,589,0.0,58,2.32,True,1.0
286.07,54.92,710,14070,0.299,46.59,710,0.0,58,2.32,True,1.0
280.1,26.06,668,14070,0.226,50.36,668,0.0,58,2.32,True,1.0
269.01,110.26,706,14070,0.296,44.21,706,0.0,58,2.32,True,1.0
232.08,91.21,711,14070,0.285,45.8,711,0.0,58,2.32,True,1.0
221.0,70.41,730,14070,0.238,46.59,730,0.0,58,2.32,True,1.0
215.21,101.05,684,14070,0.338,46.4,684,0.0,58,2.32,True,1.0
199.14,49.91,626,14070,0.317,46.4,626,0.0,58,2.32,True,1.0
185.95,35.0,714,14070,0.268,49.17,714,0.0,58,2.32,True,1.0
342.48,70.01,510,14070,0.245,43.9,510,0.0,59,2.36,True,1.0
284.1,55.2,727,14070,0.253,47.68,727,0.0,59,2.36,True,1.0
279.94,26.24,721,14070,0.256,50.65,721,0.0,59,2.36,True,1.0
265.2,109.38,638,14070,0.237,46.28,638,0.0,59,2.36,True,1.0
231.01,91.26,717,14070,0.255,47.08,717,0.0,59,2.36,True,1.0
219.01,70.03,743,14070,0.238,49.66,743,0.0,59,2.36,True,1.0
214.96,101.15,669,14070,0.255,47.48,669,0.0,59,2.36,True,1.0
199.03,50.12,678,14070,0.301,44.89,678,0.0,59,2.36,True,1.0
181.28,33.24,567,14070,0.332,46.88,567,0.0,59,2.36,True,1.0
343.02,70.68,581,14070,0.29,37.7,581,0.0,60,2.4,True,1.0
283.03,55.25,723,14070,0.231,48.85,723,0.0,60,2.4,True,1.0
277.39,26.28,627,14070,0.188,47.12,627,0.0,60,2.4,True,1.0
265.04,109.87,730,14070,0.321,45.97,730,0.0,60,2.4,True,1.0
230.01,91.21,731,14070,0.253,46.74,731,0.0,60,2.4,True,1.0
216.02,69.11,755,14070,0.235,49.04,755,0.0,60,2.4,True,1.0
213.9,101.8,654,14070,0.275,45.0,654,0.0,60,2.4,True,1.0
197.97,51.01,670,14070,0.282,43.08,670,0.0,60,2.4,True,1.0
183.99,34.23,673,14070,0.273,46.35,673,0.0,60,2.4,True,1.0
281.02,55.82,716,14070,0.267,47.46,716,0.0,61,2.44,True,1.0
277.7,26.13,691,14070,0.234,51.28,691,0.0,61,2.44,True,1.0
263.06,109.11,696,14070,0.331,46.45,696,0.0,61,2.44,True,1.0
228.93,91.18,720,14070,0.237,46.65,720,0.0,61,2.44,True,1.0
341.13,69.41,573,14070,0.267,38.61,573,0.0,61,2.44,True,1.0
214.06,67.9,748,14070,0.221,48.67,748,0.0,61,2.44,True,1.0
195.06,52.05,657,14070,0.318,42.43,657,0.0,61,2.44,True,1.0
183.91,34.19,665,14070,0.251,46.65,665,0.0,61,2.44,True,1.0
213.75,102.01,620,14070,0.265,42.83,620,0.0,61,2.44,True,1.0
339.28,69.73,530,14070,0.235,42.64,530,0.0,62,2.48,True,1.0
279.98,55.74,711,14070,0.258,46.59,711,0.0,62,2.48,True,1.0
276.78,25.94,732,14070,0.249,53.04,732,0.0,62,2.48,True,1.0
262.04,109.1,726,14070,0.306,47.84,726,0.0,62,2.48,True,1.0
226.95,91.37,705,14070,0.221,44.51,705,0.0,62,2.48,True,1.0
211.92,102.88,646,14070,0.314,43.26,646,0.0,62,2.48,True,1.0
209.15,65.96,673,14070,0.351,46.8,673,0.0,62,2.48,True,1.0
192.0,53.0,646,14070,0.335,41.18,646,0.0,62,2.48,True,1.0
183.1,33.96,685,14070,0.277,47.0,685,0.0,62,2.48,True,1.0
278.06,56.0,709,14070,0.274,47.58,709,0.0,63,2.52,True,1.0
275.68,26.05,696,14070,0.243,51.86,696,0.0,63,2.52,True,1.0
261.97,109.12,731,14070,0.278,47.99,731,0.0,63,2.52,True,1.0
225.94,91.37,704,14070,0.22,44.74,704,0.0,63,2.52,True,1.0
339.09,70.83,550,14070,0.258,40.67,550,0.0,63,2.52,True,1.0
210.81,66.79,697,14070,0.177,44.53,697,0.0,63,2.52,True,1.0
191.93,52.96,638,14070,0.297,40.06,638,0.0,63,2.52,True,1.0
183.86,34.04,666,14070,0.224,46.57,666,0.0,63,2.52,True,1.0
210.99,103.1,636,14070,0.297,44.13,636,0.0,63,2.52,True,1.0
276.04,56.75,703,14070,0.293,47.71,703,0.0,64,2.56,True,1.0
273.8,26.29,715,14070,0.23,51.33,715,0.0,64,2.56,True,1.0
259.03,108.0,705,14070,0.307,45.49,705,0.0,64,2.56,True,1.0
224.85,91.35,688,14070,0.206,44.49,688,0.0,64,2.56,True,1.0
338.23,71.43,567,14070,0.188,40.86,567,0.0,64,2.56,True,1.0
207.92,66.28,727,14070,0.22,46.3,727,0.0,64,2.56,True,1.0
187.14,55.52,567,14070,0.253,41.47,567,0.0,64,2.56,True,1.0
183.89,33.92,668,14070,0.225,45.9,668,0.0,64,2.56,True,1.0
209.14,104.13,646,14070,0.316,43.68,646,0.0,64,2.56,True,1.0
338.15,71.63,588,14070,0.117,44.67,588,0.0,65,2.6,True,1.0
274.07,57.73,698,14070,0.297,47.64,698,0.0,65,2.6,True,1.0
271.98,26.44,731,14070,0.212,50.4,731,0.0,65,2.6,True,1.0
257.98,108.13,709,14070,0.298,45.66,709,0.0,65,2.6,True,1.0
223.93,91.45,695,14070,0.213,44.47,695,0.0,65,2.6,True,1.0
201.55,63.86,531,14070,0.208,44.87,531,0.0,65,2.6,True,1.0
184.34,56.64,512,14070,0.235,40.52,512,0.0,65,2.6,True,1.0
183.92,34.01,667,14070,0.227,46.06,667,0.0,65,2.6,True,1.0
208.07,105.14,695,14070,0.31,47.24,695,0.0,65,2.6,True,1.0
255.98,107.23,692,14070,0.306,45.61,692,0.0,66,2.64,True,1.0
330.39,72.2,620,14070,0.096,55.92,620,0.0,66,2.64,True,1.0
270.89,26.31,728,14070,0.232,50.43,728,0.0,66,2.64,True,1.0
222.98,91.47,701,14070,0.216,44.29,701,0.0,66,2.64,True,1.0
273.02,57.73,705,14070,0.28,48.02,705,0.0,66,2.64,True,1.0
203.96,64.21,735,14070,0.233,45.39,735,0.0,66,2.64,True,1.0
183.93,34.1,677,14070,0.239,47.36,677,0.0,66,2.64,True,1.0
207.88,105.08,681,14070,0.281,46.92,681,0.0,66,2.64,True,1.0
183.15,57.15,605,14070,0.302,40.13,605,0.0,66,2.64,True,1.0
329.9,73.05,775,14070,0.228,56.46,775,0.0,67,2.68,True,1.0
272.02,57.87,687,14070,0.241,43.84,687,0.0,67,2.68,True,1.0
270.64,26.33,661,14070,0.221,48.04,661,0.0,67,2.68,True,1.0
251.53,106.33,530,14070,0.218,45.17,530,0.0,67,2.68,True,1.0
222.9,91.42,684,14070,0.219,43.84,684,0.0,67,2.68,True,1.0
207.78,105.12,641,14070,0.254,45.61,641,0.0,67,2.68,True,1.0
202.77,64.0,725,14070,0.182,48.04,725,0.0,67,2.68,True,1.0
180.46,59.07,541,14070,0.245,41.84,541,0.0,67,2.68,True,1.0
179.57,33.15,470,14070,0.257,45.39,470,0.0,67,2.68,True,1.0
329.89,73.01,738,14070,0.089,56.56,738,0.0,68,2.72,True,1.0
270.97,58.02,697,14070,0.228,45.03,697,0.0,68,2.72,True,1.0
269.64,26.34,652,14070,0.217,47.47,652,0.0,68,2.72,True,1.0
252.98,106.32,716,14070,0.282,46.58,716,0.0,68,2.72,True,1.0
222.0,91.44,699,14070,0.221,43.92,699,0.0,68,2.72,True,1.0
206.06,105.31,674,14070,0.273,45.25,674,0.0,68,2.72,True,1.0
200.03,63.81,742,14070,0.214,46.58,742,0.0,68,2.72,True,1.0
184.88,34.74,670,14070,0.207,44.81,670,0.0,68,2.72,True,1.0
181.08,59.69,626,14070,0.248,43.7,626,0.0,68,2.72,True,1.0
329.59,72.94,634,14070,0.079,48.84,634,0.0,69,2.76,True,1.0
268.97,58.82,670,14070,0.245,44.84,670,0.0,69,2.76,True,1.0
267.84,26.99,741,14070,0.231,48.24,741,0.0,69,2.76,True,1.0
251.0,106.11,714,14070,0.297,46.04,714,0.0,69,2.76,True,1.0
222.01,91.25,707,14070,0.245,46.64,707,0.0,69,2.76,True,1.0
202.23,106.92,622,14070,0.291,47.84,622,0.0,69,2.76,True,1.0
198.8,62.83,698,14070,0.193,47.04,698,0.0,69,2.76,True,1.0
183.99,34.39,679,14070,0.23,44.44,679,0.0,69,2.76,True,1.0
180.85,59.03,628,14070,0.217,42.04,628,0.0,69,2.76,True,1.0
267.94,59.01,684,14070,0.238,46.04,684,0.0,70,2.8,True,1.0
266.77,26.94,723,14070,0.223,47.93,723,0.0,70,2.8,True,1.0
246.32,105.19,586,14070,0.267,47.74,586,0.0,70,2.8,True,1.0
221.97,91.22,707,14070,0.241,46.6,707,0.0,70,2.8,True,1.0
323.02,72.9,692,14070,0.325,47.93,692,0.0,70,2.8,True,1.0
196.84,62.25,717,14070,0.21,46.98,717,0.0,70,2.8,True,1.0
183.09,35.08,711,14070,0.277,46.22,711,0.0,70,2.8,True,1.0
174.07,61.8,521,14070,0.264,39.4,521,0.0,70,2.8,True,1.0
200.47,107.01,578,14070,0.254,48.12,578,0.0,70,2.8,True,1.0
320.06,72.89,689,14070,0.296,47.19,689,0.0,71,2.84,True,1.0
265.92,27.03,751,14070,0.244,47.96,751,0.0,71,2.84,True,1.0
262.13,60.09,596,14070,0.308,43.92,596,0.0,71,2.84,True,1.0
248.02,105.91,717,14070,0.29,47.39,717,0.0,71,2.84,True,1.0
221.95,91.06,702,14070,0.24,47.0,702,0.0,71,2.84,True,1.0
202.87,106.21,674,14070,0.266,46.23,674,0.0,71,2.84,True,1.0
194.82,61.97,704,14070,0.217,49.12,704,0.0,71,2.84,True,1.0
182.88,35.16,727,14070,0.25,46.81,727,0.0,71,2.84,True,1.0
173.25,63.04,543,14070,0.304,35.64,543,0.0,71,2.84,True,1.0
264.93,27.02,736,14070,0.252,47.87,736,0.0,72,2.88,True,1.0
259.47,60.89,531,14070,0.241,45.24,531,0.0,72,2.88,True,1.0
246.96,105.25,709,14070,0.292,47.5,709,0.0,72,2.88,True,1.0
221.92,90.87,704,14070,0.235,47.12,704,0.0,72,2.88,True,1.0
319.01,73.37,694,14070,0.276,44.48,694,0.0,72,2.88,True,1.0
191.94,61.99,730,14070,0.228,47.5,730,0.0,72,2.88,True,1.0
180.09,35.91,722,14070,0.291,48.06,722,0.0,72,2.88,True,1.0
174.72,63.03,601,14070,0.182,40.34,601,0.0,72,2.88,True,1.0
200.05,106.87,706,14070,0.332,47.5,706,0.0,72,2.88,True,1.0
263.94,27.01,745,14070,0.249,47.34,745,0.0,73,2.92,True,1.0
258.47,61.18,526,14070,0.222,44.28,526,0.0,73,2.92,True,1.0
245.02,105.06,711,14070,0.301,47.15,711,0.0,73,2.92,True,1.0
221.87,90.84,697,14070,0.224,47.34,697,0.0,73,2.92,True,1.0
316.08,73.39,690,14070,0.261,45.62,690,0.0,73,2.92,True,1.0
190.84,60.82,698,14070,0.191,46.77,698,0.0,73,2.92,True,1.0
179.05,35.89,721,14070,0.291,48.69,721,0.0,73,2.92,True,1.0
172.79,63.93,602,14070,0.232,38.91,602,0.0,73,2.92,True,1.0
199.03,106.83,705,14070,0.321,47.34,705,0.0,73,2.92,True,1.0
315.07,73.16,701,14070,0.323,48.38,701,0.0,74,2.96,True,1.0
263.76,27.08,684,14070,0.224,46.45,684,0.0,74,2.96,True,1.0
261.98,61.09,665,14070,0.255,44.51,665,0.0,74,2.96,True,1.0
240.24,104.27,627,14070,0.28,49.35,627,0.0,74,2.96,True,1.0
221.86,90.84,703,14070,0.221,47.42,703,0.0,74,2.96,True,1.0
188.96,60.01,729,14070,0.213,48.0,729,0.0,74,2.96,True,1.0
178.02,36.92,732,14070,0.288,48.0,732,0.0,74,2.96,True,1.0
171.96,64.26,600,14070,0.189,40.64,600,0.0,74,2.96,True,1.0
196.13,107.35,642,14070,0.294,44.32,642,0.0,74,2.96,True,1.0
239.1,103.75,692,14070,0.293,46.37,692,0.0,75,3.0,True,1.0
260.98,27.92,745,14070,0.292,46.74,745,0.0,75,3.0,True,1.0
256.16,61.66,617,14070,0.252,43.24,617,0.0,75,3.0,True,1.0
221.1,91.03,718,14070,0.255,46.37,718,0.0,75,3.0,True,1.0
313.06,73.35,703,14070,0.292,46.37,703,0.0,75,3.0,True,1.0
182.26,58.96,605,14070,0.284,46.92,605,0.0,75,3.0,True,1.0
169.84,66.18,583,14070,0.18,39.74,583,0.0,75,3.0,True,1.0
194.14,108.03,642,14070,0.318,46.74,642,0.0,75,3.0,True,1.0
177.02,37.11,728,14070,0.273,46.55,728,0.0,75,3.0,True,1.0
167.96,67.94,614,14070,0.212,40.08,614,0.0,76,3.04,True,1.0
175.09,37.87,769,14070,0.332,50.59,769,0.0,76,3.04,True,1.0
185.03,59.73,710,14070,0.239,46.62,710,0.0,76,3.04,True,1.0
194.02,108.01,659,14070,0.339,44.84,659,0.0,76,3.04,True,1.0
221.88,90.87,706,14070,0.224,46.82,706,0.0,76,3.04,True,1.0
237.22,103.7,653,14070,0.256,46.43,653,0.0,76,3.04,True,1.0
255.13,61.76,633,14070,0.261,46.62,633,0.0,76,3.04,True,1.0
260.83,27.09,709,14070,0.249,47.02,709,0.0,76,3.04,True,1.0
312.04,74.03,658,14070,0.319,43.25,658,0.0,76,3.04,True,1.0
310.04,74.28,650,14070,0.299,41.99,650,0.0,77,3.08,True,1.0
260.68,27.15,645,14070,0.213,46.09,645,0.0,77,3.08,True,1.0
258.02,61.26,662,14070,0.262,44.14,662,0.0,77,3.08,True,1.0
239.02,104.09,697,14070,0.266,42.38,697,0.0,77,3.08,True,1.0
174.08,37.82,755,14070,0.311,49.61,755,0.0,77,3.08,True,1.0
194.0,108.2,703,14070,0.285,47.85,703,0.0,77,3.08,True,1.0
183.83,59.04,671,14070,0.224,47.26,671,0.0,77,3.08,True,1.0
166.07,69.02,624,14070,0.235,39.45,624,0.0,77,3.08,True,1.0
221.89,90.88,707,14070,0.224,46.48,707,0.0,77,3.08,True,1.0
252.45,61.75,569,14070,0.215,46.94,569,0.0,78,3.12,True,1.0
306.21,74.13,605,14070,0.294,43.67,605,0.0,78,3.12,True,1.0
259.68,27.16,641,14070,0.215,45.79,641,0.0,78,3.12,True,1.0
237.02,104.09,699,14070,0.266,42.33,699,0.0,78,3.12,True,1.0
172.93,38.1,715,14070,0.234,49.06,715,0.0,78,3.12,True,1.0
193.02,108.24,711,14070,0.277,48.68,711,0.0,78,3.12,True,1.0
181.0,58.1,722,14070,0.287,46.17,722,0.0,78,3.12,True,1.0
164.71,70.13,579,14070,0.166,40.4,579,0.0,78,3.12,True,1.0
217.28,91.99,578,14070,0.281,46.37,578,0.0,78,3.12,True,1.0
308.96,73.39,685,14070,0.223,45.45,685,0.0,79,3.16,True,1.0
256.02,28.8,672,14070,0.267,43.51,672,0.0,79,3.16,True,1.0
251.34,61.88,578,14070,0.249,46.41,578,0.0,79,3.16,True,1.0
235.96,104.06,703,14070,0.223,42.35,703,0.0,79,3.16,True,1.0
221.09,91.04,719,14070,0.259,46.22,719,0.0,79,3.16,True,1.0
176.11,57.1,647,14070,0.351,44.28,647,0.0,79,3.16,True,1.0
171.91,38.15,685,14070,0.232,47.57,685,0.0,79,3.16,True,1.0
163.06,71.38,583,14070,0.214,39.45,583,0.0,79,3.16,True,1.0
191.91,107.93,696,14070,0.28,49.31,696,0.0,79,3.16,True,1.0
230.28,103.13,588,14070,0.282,43.63,588,0.0,80,3.2,True,1.0
255.02,29.06,735,14070,0.281,47.42,735,0.0,80,3.2,True,1.0
250.27,62.26,573,14070,0.258,42.3,573,0.0,80,3.2,True,1.0
302.46,74.4,574,14070,0.138,45.91,574,0.0,80,3.2,True,1.0
221.09,91.03,718,14070,0.26,46.28,718,0.0,80,3.2,True,1.0
177.79,57.75,659,14070,0.191,42.68,659,0.0,80,3.2,True,1.0
169.84,38.89,700,14070,0.259,48.37,700,0.0,80,3.2,True,1.0
157.07,75.56,522,14070,0.275,40.97,522,0.0,80,3.2,True,1.0
190.92,108.34,682,14070,0.251,46.85,682,0.0,80,3.2,True,1.0
305.82,74.24,662,14070,0.19,45.17,662,0.0,81,3.24,True,1.0
254.07,29.05,722,14070,0.276,47.64,722,0.0,81,3.24,True,1.0
248.19,62.79,597,14070,0.259,42.12,597,0.0,81,3.24,True,1.0
230.05,103.29,656,14070,0.311,42.5,656,0.0,81,3.24,True,1.0
221.9,90.89,713,14070,0.224,46.5,713,0.0,81,3.24,True,1.0
189.03,108.9,668,14070,0.349,45.17,668,0.0,81,3.24,True,1.0
174.95,57.17,702,14070,0.265,46.5,702,0.0,81,3.24,True,1.0
167.96,39.16,697,14070,0.273,48.6,697,0.0,81,3.24,True,1.0
154.6,75.72,476,14070,0.238,40.59,476,0.0,81,3.24,True,1.0
252.11,29.98,718,14070,0.272,46.32,718,0.0,82,3.28,True,1.0
246.24,62.86,576,14070,0.229,44.24,576,0.0,82,3.28,True,1.0
227.15,103.28,618,14070,0.284,42.35,618,0.0,82,3.28,True,1.0
221.9,90.89,712,14070,0.226,46.51,712,0.0,82,3.28,True,1.0
300.13,75.05,649,14070,0.329,48.21,649,0.0,82,3.28,True,1.0
171.15,56.06,661,14070,0.322,44.05,661,0.0,82,3.28,True,1.0
166.11,40.1,720,14070,0.317,47.27,720,0.0,82,3.28,True,1.0
153.1,76.87,574,14070,0.329,42.92,574,0.0,82,3.28,True,1.0
187.98,109.05,678,14070,0.317,47.64,678,0.0,82,3.28,True,1.0
250.99,30.01,738,14070,0.292,47.49,738,0.0,83,3.32,True,1.0
249.02,63.21,659,14070,0.243,43.08,659,0.0,83,3.32,True,1.0
226.06,103.32,640,14070,0.289,42.7,640,0.0,83,3.32,True,1.0
221.09,91.03,719,14070,0.259,46.34,719,0.0,83,3.32,True,1.0
298.12,75.09,646,14070,0.326,48.25,646,0.0,83,3.32,True,1.0
171.91,55.71,680,14070,0.194,43.08,680,0.0,83,3.32,True,1.0
165.85,40.2,678,14070,0.27,48.83,678,0.0,83,3.32,True,1.0
151.99,78.65,539,14070,0.326,39.83,539,0.0,83,3.32,True,1.0
183.35,109.98,576,14070,0.328,47.29,576,0.0,83,3.32,True,1.0
296.24,75.07,638,14070,0.306,48.4,638,0.0,84,3.36,True,1.0
250.9,30.03,723,14070,0.29,47.06,723,0.0,84,3.36,True,1.0
247.93,63.18,647,14070,0.221,42.49,647,0.0,84,3.36,True,1.0
227.94,104.0,694,14070,0.234,42.49,694,0.0,84,3.36,True,1.0
221.09,91.03,719,14070,0.259,46.3,719,0.0,84,3.36,True,1.0
167.12,55.06,652,14070,0.33,42.87,652,0.0,84,3.36,True,1.0
162.12,42.02,674,14070,0.33,44.2,674,0.0,84,3.36,True,1.0
150.32,79.84,520,14070,0.316,41.92,520,0.0,84,3.36,True,1.0
182.24,109.86,581,14070,0.33,44.2,581,0.0,84,3.36,True,1.0
226.02,103.93,701,14070,0.251,41.86,701,0.0,85,3.4,True,1.0
249.11,30.25,706,14070,0.28,45.79,706,0.0,85,3.4,True,1.0
242.11,63.79,616,14070,0.344,41.67,616,0.0,85,3.4,True,1.0
221.09,91.03,718,14070,0.26,46.35,718,0.0,85,3.4,True,1.0
295.03,75.04,695,14070,0.334,47.47,695,0.0,85,3.4,True,1.0
166.09,55.04,672,14070,0.328,45.04,672,0.0,85,3.4,True,1.0
148.2,80.01,602,14070,0.323,43.17,602,0.0,85,3.4,True,1.0
183.9,109.61,640,14070,0.242,42.61,640,0.0,85,3.4,True,1.0
161.0,41.96,678,14070,0.317,45.04,678,0.0,85,3.4,True,1.0
146.04,80.92,615,14070,0.345,43.23,615,0.0,86,3.44,True,1.0
160.65,42.28,584,14070,0.233,45.1,584,0.0,86,3.44,True,1.0
164.06,54.07,668,14070,0.32,45.47,668,0.0,86,3.44,True,1.0
182.88,110.0,661,14070,0.268,47.16,661,0.0,86,3.44,True,1.0
221.87,90.27,688,14070,0.212,44.91,688,0.0,86,3.44,True,1.0
222.06,103.04,647,14070,0.356,43.98,647,0.0,86,3.44,True,1.0
244.05,63.91,673,14070,0.239,41.92,673,0.0,86,3.44,True,1.0
249.05,30.19,714,14070,0.274,46.78,714,0.0,86,3.44,True,1.0
294.04,75.25,719,14070,0.314,47.72,719,0.0,86,3.44,True,1.0
293.04,75.22,712,14070,0.297,46.22,712,0.0,87,3.48,True,1.0
248.76,30.24,624,14070,0.267,44.55,624,0.0,87,3.48,True,1.0
238.3,65.15,530,14070,0.201,42.32,530,0.0,87,3.48,True,1.0
220.97,90.13,704,14070,0.227,45.66,704,0.0,87,3.48,True,1.0
157.99,43.98,686,14070,0.306,45.66,686,0.0,87,3.48,True,1.0
181.96,110.25,669,14070,0.263,47.33,669,0.0,87,3.48,True,1.0
163.08,53.84,673,14070,0.295,44.73,673,0.0,87,3.48,True,1.0
147.97,81.01,648,14070,0.251,41.95,648,0.0,87,3.48,True,1.0
220.07,103.07,635,14070,0.356,43.62,635,0.0,87,3.48,True,1.0
241.02,64.9,655,14070,0.283,42.63,655,0.0,88,3.52,True,1.0
290.07,75.04,703,14070,0.318,47.19,703,0.0,88,3.52,True,1.0
246.95,31.07,746,14070,0.257,48.53,746,0.0,88,3.52,True,1.0
219.06,103.18,651,14070,0.347,43.58,651,0.0,88,3.52,True,1.0
155.99,44.88,696,14070,0.315,46.62,696,0.0,88,3.52,True,1.0
179.01,110.94,683,14070,0.324,47.76,683,0.0,88,3.52,True,1.0
163.85,53.95,641,14070,0.216,43.58,641,0.0,88,3.52,True,1.0
143.02,82.84,624,14070,0.32,42.25,624,0.0,88,3.52,True,1.0
218.11,90.96,688,14070,0.336,45.86,688,0.0,88,3.52,True,1.0
288.06,75.06,709,14070,0.312,47.22,709,0.0,89,3.56,True,1.0
245.03,31.94,730,14070,0.274,45.73,730,0.0,89,3.56,True,1.0
235.46,66.01,513,14070,0.221,43.87,513,0.0,89,3.56,True,1.0
219.9,103.18,695,14070,0.225,45.17,695,0.0,89,3.56,True,1.0
218.08,90.91,684,14070,0.336,45.36,684,0.0,89,3.56,True,1.0
161.9,54.15,665,14070,0.247,44.06,665,0.0,89,3.56,True,1.0
154.93,44.83,678,14070,0.282,44.98,678,0.0,89,3.56,True,1.0
141.07,82.95,637,14070,0.331,42.38,637,0.0,89,3.56,True,1.0
177.08,110.83,672,14070,0.349,47.4,672,0.0,89,3.56,True,1.0
237.99,65.85,662,14070,0.26,42.38,662,0.0,90,3.6,True,1.0
285.11,74.87,689,14070,0.32,46.67,689,0.0,90,3.6,True,1.0
244.07,31.99,737,14070,0.295,47.42,737,0.0,90,3.6,True,1.0
218.09,90.9,687,14070,0.338,45.36,687,0.0,90,3.6,True,1.0
214.36,102.19,572,14070,0.275,45.36,572,0.0,90,3.6,True,1.0
176.06,110.79,676,14070,0.336,47.23,676,0.0,90,3.6,True,1.0
157.11,54.09,613,14070,0.342,43.12,613,0.0,90,3.6,True,1.0
152.86,45.71,682,14070,0.27,44.8,682,0.0,90,3.6,True,1.0
139.12,83.1,646,14070,0.33,43.12,646,0.0,90,3.6,True,1.0
285.06,74.99,711,14070,0.313,46.61,711,0.0,91,3.64,True,1.0
243.1,32.39,689,14070,0.232,46.61,689,0.0,91,3.64,True,1.0
232.35,67.04,551,14070,0.242,44.59,551,0.0,91,3.64,True,1.0
218.07,90.89,686,14070,0.335,45.87,686,0.0,91,3.64,True,1.0
213.27,101.98,586,14070,0.3,44.22,586,0.0,91,3.64,True,1.0
175.95,111.21,653,14070,0.269,44.59,653,0.0,91,3.64,True,1.0
159.92,54.91,662,14070,0.243,43.12,662,0.0,91,3.64,True,1.0
152.76,45.13,651,14070,0.256,45.14,651,0.0,91,3.64,True,1.0
140.79,84.21,627,14070,0.185,42.75,627,0.0,91,3.64,True,1.0
241.05,33.13,731,14070,0.302,48.53,731,0.0,92,3.68,True,1.0
234.02,66.88,667,14070,0.271,41.87,667,0.0,92,3.68,True,1.0
218.05,90.88,687,14070,0.331,46.44,687,0.0,92,3.68,True,1.0
211.28,101.98,584,14070,0.3,43.97,584,0.0,92,3.68,True,1.0
281.25,74.71,642,14070,0.274,44.16,642,0.0,92,3.68,True,1.0
154.2,54.84,578,14070,0.314,43.59,578,0.0,92,3.68,True,1.0
150.14,45.32,634,14070,0.259,43.4,634,0.0,92,3.68,True,1.0
135.2,86.08,614,14070,0.328,42.63,614,0.0,92,3.68,True,1.0
174.82,111.58,639,14070,0.23,45.11,639,0.0,92,3.68,True,1.0
240.84,33.02,712,14070,0.302,49.83,712,0.0,93,3.72,True,1.0
228.36,68.05,546,14070,0.248,44.56,546,0.0,93,3.72,True,1.0
218.05,90.87,691,14070,0.326,46.51,691,0.0,93,3.72,True,1.0
212.99,102.29,673,14070,0.28,42.6,673,0.0,93,3.72,True,1.0
281.04,74.32,684,14070,0.288,45.14,684,0.0,93,3.72,True,1.0
156.14,54.98,679,14070,0.295,44.36,679,0.0,93,3.72,True,1.0
147.97,45.9,656,14070,0.308,43.97,656,0.0,93,3.72,True,1.0
133.2,86.03,608,14070,0.328,44.95,608,0.0,93,3.72,True,1.0
172.95,111.97,622,14070,0.317,47.1,622,0.0,93,3.72,True,1.0
280.04,74.21,674,14070,0.278,43.49,674,0.0,94,3.76,True,1.0
238.1,33.97,722,14070,0.276,48.86,722,0.0,94,3.76,True,1.0
230.04,67.93,680,14070,0.277,44.26,680,0.0,94,3.76,True,1.0
218.05,90.87,692,14070,0.326,46.56,692,0.0,94,3.76,True,1.0
208.3,101.03,578,14070,0.302,43.49,578,0.0,94,3.76,True,1.0
154.12,54.99,680,14070,0.307,44.26,680,0.0,94,3.76,True,1.0
145.17,48.05,672,14070,0.321,44.07,672,0.0,94,3.76,True,1.0
132.96,85.79,654,14070,0.289,43.49,654,0.0,94,3.76,True,1.0
171.88,112.17,628,14070,0.301,45.99,628,0.0,94,3.76,True,1.0
219.97,90.02,730,14070,0.258,45.19,730,0.0,95,3.8,True,1.0
237.99,33.84,731,14070,0.272,49.67,731,0.0,95,3.8,True,1.0
228.1,68.73,663,14070,0.318,42.66,663,0.0,95,3.8,True,1.0
278.03,74.4,665,14070,0.258,41.1,665,0.0,95,3.8,True,1.0
207.23,101.06,593,14070,0.313,43.44,593,0.0,95,3.8,True,1.0
154.04,55.33,710,14070,0.237,44.8,710,0.0,95,3.8,True,1.0
131.92,86.77,644,14070,0.271,43.83,644,0.0,95,3.8,True,1.0
170.8,112.13,606,14070,0.297,45.58,606,0.0,95,3.8,True,1.0
143.95,48.84,662,14070,0.328,44.22,662,0.0,95,3.8,True,1.0
126.35,88.05,562,14070,0.292,44.23,562,0.0,96,3.84,True,1.0
141.88,49.84,595,14070,0.304,37.63,595,0.0,96,3.84,True,1.0
154.83,55.82,636,14070,0.179,41.02,636,0.0,96,3.84,True,1.0
165.33,112.99,517,14070,0.307,42.27,517,0.0,96,3.84,True,1.0
208.02,101.36,682,14070,0.288,44.23,682,0.0,96,3.84,True,1.0
219.97,90.02,731,14070,0.257,45.3,731,0.0,96,3.84,True,1.0
227.04,69.06,693,14070,0.257,43.7,693,0.0,96,3.84,True,1.0
237.19,34.22,691,14070,0.279,45.48,691,0.0,96,3.84,True,1.0
274.24,74.72,630,14070,0.278,44.41,630,0.0,96,3.84,True,1.0
272.24,74.72,630,14070,0.278,44.42,630,0.0,97,3.88,True,1.0
235.94,34.85,699,14070,0.29,46.26,699,0.0,97,3.88,True,1.0
225.08,68.88,676,14070,0.291,42.77,676,0.0,97,3.88,True,1.0
217.13,90.85,649,14070,0.326,44.79,649,0.0,97,3.88,True,1.0
136.41,51.76,476,14070,0.282,38.18,476,0.0,97,3.88,True,1.0
168.81,113.01,540,14070,0.29,40.39,540,0.0,97,3.88,True,1.0
153.93,55.48,637,14070,0.145,41.3,637,0.0,97,3.88,True,1.0
124.34,87.73,551,14070,0.276,42.77,551,0.0,97,3.88,True,1.0
206.02,101.2,703,14070,0.305,46.81,703,0.0,97,3.88,True,1.0
223.09,68.96,676,14070,0.316,44.36,676,0.0,98,3.92,True,1.0
271.11,74.66,688,14070,0.286,44.36,688,0.0,98,3.92,True,1.0
235.14,35.21,702,14070,0.276,45.08,702,0.0,98,3.92,True,1.0
217.08,90.77,658,14070,0.311,45.08,658,0.0,98,3.92,True,1.0
139.05,50.3,589,14070,0.258,38.77,589,0.0,98,3.92,True,1.0
166.86,113.08,562,14070,0.333,42.01,562,0.0,98,3.92,True,1.0
152.88,56.06,666,14070,0.137,44.36,666,0.0,98,3.92,True,1.0
122.32,87.86,571,14070,0.315,44.54,571,0.0,98,3.92,True,1.0
205.03,101.16,692,14070,0.323,45.98,692,0.0,98,3.92,True,1.0
271.03,74.59,705,14070,0.267,43.01,705,0.0,99,3.96,True,1.0
235.02,35.11,700,14070,0.275,45.69,700,0.0,99,3.96,True,1.0
222.86,69.38,686,14070,0.223,44.16,686,0.0,99,3.96,True,1.0
216.13,89.29,652,14070,0.273,48.96,652,0.0,99,3.96,True,1.0
204.01,100.86,717,14070,0.277,44.54,717,0.0,99,3.96,True,1.0
151.79,57.07,625,14070,0.162,43.01,625,0.0,99,3.96,True,1.0
138.1,50.51,547,14070,0.19,38.21,547,0.0,99,3.96,True,1.0
121.19,88.88,574,14070,0.307,43.77,574,0.0,99,3.96,True,1.0
165.83,113.29,558,14070,0.281,40.32,558,0.0,99,3.96,True,1.0
217.01,88.17,725,14070,0.312,47.73,725,0.0,100,4.0,True,1.0
234.14,35.26,692,14070,0.286,44.55,692,0.0,100,4.0,True,1.0
221.84,69.71,648,14070,0.193,42.3,648,0.0,100,4.0,True,1.0
269.07,74.79,699,14070,0.313,45.86,699,0.0,100,4.0,True,1.0
202.93,101.01,705,14070,0.28,44.92,705,0.0,100,4.0,True,1.0
146.14,57.83,596,14070,0.311,42.49,596,0.0,100,4.0,True,1.0
136.81,51.13,557,14070,0.257,38.37,557,0.0,100,4.0,True,1.0
119.14,89.87,588,14070,0.313,43.8,588,0.0,100,4.0,True,1.0
160.21,113.32,549,14070,0.274,40.99,549,0.0,100,4.0,True,1.0
270.84,75.24,672,14070,0.24,45.82,672,0.0,101,4.04,True,1.0
233.09,36.11,682,14070,0.308,42.92,682,0.0,101,4.04,True,1.0
219.92,69.95,663,14070,0.211,43.1,663,0.0,101,4.04,True,1.0
216.78,88.09,689,14070,0.246,46.18,689,0.0,101,4.04,True,1.0
201.0,100.92,713,14070,0.285,44.91,713,0.0,101,4.04,True,1.0
161.03,113.38,578,14070,0.296,37.85,578,0.0,101,4.04,True,1.0
148.93,57.16,660,14070,0.264,45.1,660,0.0,101,4.04,True,1.0
135.0,52.02,584,14070,0.284,39.3,584,0.0,101,4.04,True,1.0
117.15,89.34,596,14070,0.276,43.28,596,0.0,101,4.04,True,1.0
231.99,36.96,703,14070,0.293,45.53,703,0.0,102,4.08,True,1.0
213.38,70.84,546,14070,0.216,44.28,546,0.0,102,4.08,True,1.0
211.09,83.32,554,14070,0.313,44.46,554,0.0,102,4.08,True,1.0
196.32,100.04,583,14070,0.295,44.1,583,0.0,102,4.08,True,1.0
267.08,75.4,715,14070,0.258,45.35,715,0.0,102,4.08,True,1.0
144.07,57.1,619,14070,0.319,41.07,619,0.0,102,4.08,True,1.0
129.2,56.05,534,14070,0.273,40.35,534,0.0,102,4.08,True,1.0
115.21,89.25,573,14070,0.273,43.74,573,0.0,102,4.08,True,1.0
158.08,113.84,549,14070,0.354,38.21,549,0.0,102,4.08,True,1.0
231.15,37.18,695,14070,0.287,43.95,695,0.0,103,4.12,True,1.0
214.63,86.06,635,14070,0.238,43.22,635,0.0,103,4.12,True,1.0
212.15,70.59,576,14070,0.213,41.57,576,0.0,103,4.12,True,1.0
197.95,100.32,682,14070,0.277,43.95,682,0.0,103,4.12,True,1.0
266.04,75.24,707,14070,0.281,46.52,707,0.0,103,4.12,True,1.0
143.08,57.1,610,14070,0.324,41.02,610,0.0,103,4.12,True,1.0
132.09,54.26,611,14070,0.296,42.67,611,0.0,103,4.12,True,1.0
113.21,90.02,554,14070,0.305,43.77,554,0.0,103,4.12,True,1.0
156.07,114.24,546,14070,0.343,39.38,546,0.0,103,4.12,True,1.0
265.01,75.22,709,14070,0.267,46.59,709,0.0,104,4.16,True,1.0
230.04,37.87,670,14070,0.298,44.04,670,0.0,104,4.16,True,1.0
212.81,85.09,643,14070,0.253,43.12,643,0.0,104,4.16,True,1.0
210.35,70.87,546,14070,0.24,43.12,546,0.0,104,4.16,True,1.0
196.97,100.05,694,14070,0.266,44.22,694,0.0,104,4.16,True,1.0
144.84,57.24,636,14070,0.179,41.11,636,0.0,104,4.16,True,1.0
130.11,55.28,635,14070,0.293,42.03,635,0.0,104,4.16,True,1.0
112.06,90.67,570,14070,0.285,38.55,570,0.0,104,4.16,True,1.0
155.08,114.25,563,14070,0.341,40.2,563,0.0,104,4.16,True,1.0
210.72,83.24,634,14070,0.243,41.58,634,0.0,105,4.2,True,1.0
229.95,37.83,680,14070,0.297,44.32,680,0.0,105,4.2,True,1.0
263.04,75.22,710,14070,0.278,46.7,710,0.0,105,4.2,True,1.0
194.03,98.98,684,14070,0.339,46.15,684,0.0,105,4.2,True,1.0
212.92,70.99,676,14070,0.23,42.49,676,0.0,105,4.2,True,1.0
140.06,57.86,591,14070,0.341,40.48,591,0.0,105,4.2,True,1.0
110.07,90.65,572,14070,0.265,39.19,572,0.0,105,4.2,True,1.0
155.85,113.73,548,14070,0.293,38.64,548,0.0,105,4.2,True,1.0
127.02,56.02,649,14070,0.323,42.31,649,0.0,105,4.2,True,1.0
109.04,90.36,578,14070,0.282,38.6,578,0.0,106,4.24,True,1.0
126.01,56.24,588,14070,0.266,40.66,588,0.0,106,4.24,True,1.0
142.93,58.1,650,14070,0.224,43.1,650,0.0,106,4.24,True,1.0
154.81,114.27,556,14070,0.287,40.29,556,0.0,106,4.24,True,1.0
192.99,99.13,692,14070,0.316,46.1,692,0.0,106,4.24,True,1.0
208.93,81.99,655,14070,0.262,43.66,655,0.0,106,4.24,True,1.0
211.91,70.19,663,14070,0.215,42.54,663,0.0,106,4.24,True,1.0
229.86,37.78,692,14070,0.29,44.79,692,0.0,106,4.24,True,1.0
261.03,75.22,704,14070,0.303,47.79,704,0.0,106,4.24,True,1.0
255.36,75.23,586,14070,0.231,45.78,586,0.0,107,4.28,True,1.0
229.06,38.08,706,14070,0.307,46.88,706,0.0,107,4.28,True,1.0
209.91,69.81,651,14070,0.176,43.39,651,0.0,107,4.28,True,1.0
207.76,81.29,665,14070,0.254,43.39,665,0.0,107,4.28,True,1.0
124.74,57.77,599,14070,0.24,39.35,599,0.0,107,4.28,True,1.0
152.02,114.78,566,14070,0.345,39.35,566,0.0,107,4.28,True,1.0
137.24,59.09,584,14070,0.299,44.31,584,0.0,107,4.28,True,1.0
107.04,90.2,565,14070,0.33,40.08,565,0.0,107,4.28,True,1.0
191.02,99.03,699,14070,0.333,46.15,699,0.0,107,4.28,True,1.0
209.0,69.99,671,14070,0.243,42.41,671,0.0,108,4.32,True,1.0
257.0,75.38,708,14070,0.261,45.94,708,0.0,108,4.32,True,1.0
227.94,38.85,696,14070,0.312,45.01,696,0.0,108,4.32,True,1.0
207.63,82.02,608,14070,0.236,43.53,608,0.0,108,4.32,True,1.0
120.06,60.83,542,14070,0.332,39.43,542,0.0,108,4.32,True,1.0
151.96,114.76,566,14070,0.326,39.43,566,0.0,108,4.32,True,1.0
136.11,59.07,611,14070,0.317,43.9,611,0.0,108,4.32,True,1.0
105.1,90.91,557,14070,0.329,41.48,557,0.0,108,4.32,True,1.0
191.86,99.06,700,14070,0.256,47.25,700,0.0,108,4.32,True,1.0
251.41,74.95,554,14070,0.191,48.27,554,0.0,109,4.36,True,1.0
226.88,38.86,697,14070,0.304,45.62,697,0.0,109,4.36,True,1.0
202.26,78.46,483,14070,0.274,42.59,483,0.0,109,4.36,True,1.0
202.37,70.25,524,14070,0.255,42.59,524,0.0,109,4.36,True,1.0
189.02,98.11,697,14070,0.314,45.43,697,0.0,109,4.36,True,1.0
134.23,59.09,587,14070,0.294,44.29,587,0.0,109,4.36,True,1.0
121.76,58.79,604,14070,0.291,40.89,604,0.0,109,4.36,True,1.0
103.15,91.39,563,14070,0.256,40.13,563,0.0,109,4.36,True,1.0
150.9,114.85,557,14070,0.331,41.08,557,0.0,109,4.36,True,1.0
206.9,81.89,621,14070,0.249,42.72,621,0.0,110,4.4,True,1.0
253.03,75.22,704,14070,0.31,48.64,704,0.0,110,4.4,True,1.0
226.15,39.25,692,14070,0.29,45.2,692,0.0,110,4.4,True,1.0
204.87,69.69,651,14070,0.214,43.11,651,0.0,110,4.4,True,1.0
186.06,96.98,680,14070,0.361,47.3,680,0.0,110,4.4,True,1.0
150.76,114.83,529,14070,0.299,41.2,529,0.0,110,4.4,True,1.0
137.94,59.14,660,14070,0.21,41.77,660,0.0,110,4.4,True,1.0
120.03,60.15,619,14070,0.279,42.72,619,0.0,110,4.4,True,1.0
104.0,91.12,567,14070,0.322,38.34,567,0.0,110,4.4,True,1.0
252.78,75.36,646,14070,0.212,46.23,646,0.0,111,4.44,True,1.0
226.0,39.25,662,14070,0.285,44.93,662,0.0,111,4.44,True,1.0
203.01,79.03,648,14070,0.333,43.07,648,0.0,111,4.44,True,1.0
199.21,68.09,560,14070,0.323,40.84,560,0.0,111,4.44,True,1.0
185.04,96.96,685,14070,0.328,44.56,685,0.0,111,4.44,True,1.0
147.91,114.56,549,14070,0.259,36.76,549,0.0,111,4.44,True,1.0
131.32,60.07,547,14070,0.298,43.07,547,0.0,111,4.44,True,1.0
119.16,61.21,632,14070,0.271,44.0,632,0.0,111,4.44,True,1.0
102.9,91.18,556,14070,0.286,38.62,556,0.0,111,4.44,True,1.0
224.89,39.87,695,14070,0.303,44.89,695,0.0,112,4.48,True,1.0
202.21,78.84,625,14070,0.301,44.52,625,0.0,112,4.48,True,1.0
201.9,68.07,650,14070,0.219,41.56,650,0.0,112,4.48,True,1.0
182.1,96.39,625,14070,0.301,45.81,625,0.0,112,4.48,True,1.0
245.32,74.88,580,14070,0.215,47.11,580,0.0,112,4.48,True,1.0
131.02,60.28,630,14070,0.293,41.75,630,0.0,112,4.48,True,1.0
117.92,62.04,627,14070,0.275,44.52,627,0.0,112,4.48,True,1.0
99.02,91.3,575,14070,0.305,38.61,575,0.0,112,4.48,True,1.0
147.71,114.72,516,14070,0.271,39.53,516,0.0,112,4.48,True,1.0
223.85,40.83,679,14070,0.293,43.76,679,0.0,113,4.52,True,1.0
201.28,78.45,545,14070,0.245,44.48,545,0.0,113,4.52,True,1.0
200.02,68.16,677,14070,0.278,44.48,677,0.0,113,4.52,True,1.0
180.15,95.41,607,14070,0.256,43.94,607,0.0,113,4.52,True,1.0
248.82,75.05,651,14070,0.228,45.92,651,0.0,113,4.52,True,1.0
132.97,59.87,659,14070,0.18,43.94,659,0.0,113,4.52,True,1.0
116.76,62.08,607,14070,0.261,41.96,607,0.0,113,4.52,True,1.0
95.34,91.95,494,14070,0.246,39.98,494,0.0,113,4.52,True,1.0
145.84,114.88,503,14070,0.327,38.0,503,0.0,113,4.52,True,1.0
242.22,74.42,610,14070,0.206,44.17,610,0.0,114,4.56,True,1.0
223.07,41.07,673,14070,0.308,44.54,673,0.0,114,4.56,True,1.0
204.95,80.89,688,14070,0.231,46.96,688,0.0,114,4.56,True,1.0
198.99,67.73,664,14070,0.237,42.3,664,0.0,114,4.56,True,1.0
179.14,95.16,628,14070,0.312,47.52,628,0.0,114,4.56,True,1.0
131.81,59.85,640,14070,0.152,43.42,640,0.0,114,4.56,True,1.0
114.94,63.09,631,14070,0.247,41.93,631,0.0,114,4.56,True,1.0
93.16,91.96,526,14070,0.27,40.25,526,0.0,114,4.56,True,1.0
143.01,115.04,531,14070,0.387,38.76,531,0.0,114,4.56,True,1.0
193.15,66.15,570,14070,0.327,42.36,570,0.0,115,4.6,True,1.0
221.95,41.85,674,14070,0.312,43.9,674,0.0,115,4.6,True,1.0
199.27,79.04,597,14070,0.263,44.87,597,0.0,115,4.6,True,1.0
239.6,74.69,523,14070,0.148,46.42,523,0.0,115,4.6,True,1.0
178.1,94.93,635,14070,0.325,47.0,635,0.0,115,4.6,True,1.0
125.17,60.87,634,14070,0.264,49.32,634,0.0,115,4.6,True,1.0
91.35,91.72,496,14070,0.223,38.88,496,0.0,115,4.6,True,1.0
141.93,114.86,505,14070,0.358,37.33,505,0.0,115,4.6,True,1.0
113.82,64.09,608,14070,0.244,40.81,608,0.0,115,4.6,True,1.0
90.1,91.44,549,14070,0.221,37.92,549,0.0,116,4.64,True,1.0
112.92,65.03,633,14070,0.262,43.22,633,0.0,116,4.64,True,1.0
123.39,61.33,579,14070,0.193,46.64,579,0.0,116,4.64,True,1.0
137.03,114.29,546,14070,0.329,40.19,546,0.0,116,4.64,True,1.0
176.18,94.76,630,14070,0.316,46.83,630,0.0,116,4.64,True,1.0
194.93,66.36,649,14070,0.253,43.03,649,0.0,116,4.64,True,1.0
198.16,78.78,624,14070,0.322,44.74,624,0.0,116,4.64,True,1.0
221.84,41.84,676,14070,0.296,43.98,676,0.0,116,4.64,True,1.0
238.35,74.96,577,14070,0.223,48.34,577,0.0,116,4.64,True,1.0
236.4,74.75,579,14070,0.22,45.48,579,0.0,117,4.68,True,1.0
221.84,41.92,644,14070,0.259,41.2,644,0.0,117,4.68,True,1.0
201.76,79.26,664,14070,0.172,44.05,664,0.0,117,4.68,True,1.0
193.03,65.89,669,14070,0.282,44.23,669,0.0,117,4.68,True,1.0
112.02,65.17,620,14070,0.248,42.45,620,0.0,117,4.68,True,1.0
136.02,114.43,523,14070,0.286,36.56,523,0.0,117,4.68,True,1.0
127.74,61.04,639,14070,0.166,42.27,639,0.0,117,4.68,True,1.0
91.97,92.28,583,14070,0.296,38.7,583,0.0,117,4.68,True,1.0
174.26,94.34,584,14070,0.253,45.12,584,0.0,117,4.68,True,1.0
200.86,79.13,672,14070,0.23,46.2,672,0.0,118,4.72,True,1.0
238.95,74.75,684,14070,0.247,44.21,684,0.0,118,4.72,True,1.0
221.81,42.02,642,14070,0.245,43.49,642,0.0,118,4.72,True,1.0
191.89,65.81,650,14070,0.239,42.4,650,0.0,118,4.72,True,1.0
109.12,66.04,642,14070,0.291,41.67,642,0.0,118,4.72,True,1.0
136.92,114.84,539,14070,0.334,39.5,539,0.0,118,4.72,True,1.0
122.06,60.8,644,14070,0.321,43.85,644,0.0,118,4.72,True,1.0
90.96,92.73,589,14070,0.284,38.23,589,0.0,118,4.72,True,1.0
174.1,94.0,632,14070,0.315,44.94,632,0.0,118,4.72,True,1.0
237.04,74.19,685,14070,0.291,45.0,685,0.0,119,4.76,True,1.0
221.76,42.21,598,14070,0.231,41.61,598,0.0,119,4.76,True,1.0
199.87,79.14,681,14070,0.207,45.36,681,0.0,119,4.76,True,1.0
185.22,64.08,559,14070,0.254,42.32,559,0.0,119,4.76,True,1.0
172.14,93.2,599,14070,0.291,43.4,599,0.0,119,4.76,True,1.0
123.03,60.07,628,14070,0.312,41.97,628,0.0,119,4.76,True,1.0
107.99,67.06,602,14070,0.303,41.97,602,0.0,119,4.76,True,1.0
84.26,91.81,516,14070,0.273,40.0,516,0.0,119,4.76,True,1.0
134.93,115.08,536,14070,0.345,39.65,536,0.0,119,4.76,True,1.0
188.06,64.78,657,14070,0.246,41.38,657,0.0,120,4.8,True,1.0
220.92,42.97,666,14070,0.253,43.53,666,0.0,120,4.8,True,1.0
198.92,78.9,699,14070,0.188,45.67,699,0.0,120,4.8,True,1.0
235.86,74.27,641,14070,0.224,43.53,641,0.0,120,4.8,True,1.0
174.91,94.18,671,14070,0.299,44.42,671,0.0,120,4.8,True,1.0
123.08,60.14,656,14070,0.296,41.56,656,0.0,120,4.8,True,1.0
106.08,69.02,629,14070,0.298,41.91,629,0.0,120,4.8,True,1.0
86.97,92.11,588,14070,0.337,39.76,588,0.0,120,4.8,True,1.0
133.76,114.69,499,14070,0.262,37.26,499,0.0,120,4.8,True,1.0
233.94,74.14,644,14070,0.268,42.13,644,0.0,121,4.84,True,1.0
220.94,43.14,669,14070,0.235,45.71,669,0.0,121,4.84,True,1.0
197.97,78.71,689,14070,0.194,43.74,689,0.0,121,4.84,True,1.0
185.01,64.21,659,14070,0.263,40.69,659,0.0,121,4.84,True,1.0
171.09,93.12,636,14070,0.339,44.1,636,0.0,121,4.84,True,1.0
127.1,114.36,540,14070,0.273,38.72,540,0.0,121,4.84,True,1.0
122.06,59.96,658,14070,0.297,42.3,658,0.0,121,4.84,True,1.0
103.97,69.86,623,14070,0.302,41.05,623,0.0,121,4.84,True,1.0
84.0,92.01,589,14070,0.345,39.97,589,0.0,121,4.84,True,1.0
220.97,43.28,677,14070,0.214,47.56,677,0.0,122,4.88,True,1.0
197.0,78.34,690,14070,0.221,44.0,690,0.0,122,4.88,True,1.0
183.98,64.21,656,14070,0.25,40.26,656,0.0,122,4.88,True,1.0
168.39,92.42,547,14070,0.243,45.31,547,0.0,122,4.88,True,1.0
228.03,73.34,632,14070,0.284,44.0,632,0.0,122,4.88,True,1.0
121.06,59.99,666,14070,0.292,42.13,666,0.0,122,4.88,True,1.0
102.94,70.03,624,14070,0.255,42.5,624,0.0,122,4.88,True,1.0
79.19,92.16,555,14070,0.331,41.94,555,0.0,122,4.88,True,1.0
126.96,114.72,565,14070,0.341,38.57,565,0.0,122,4.88,True,1.0
220.97,43.28,676,14070,0.215,47.83,676,0.0,123,4.92,True,1.0
196.89,78.17,691,14070,0.196,44.83,691,0.0,123,4.92,True,1.0
180.05,63.92,637,14070,0.293,40.33,637,0.0,123,4.92,True,1.0
168.07,92.22,620,14070,0.298,44.46,620,0.0,123,4.92,True,1.0
226.09,72.86,626,14070,0.321,44.83,626,0.0,123,4.92,True,1.0
119.07,59.95,656,14070,0.303,42.39,656,0.0,123,4.92,True,1.0
101.8,71.08,624,14070,0.254,43.33,624,0.0,123,4.92,True,1.0
77.07,91.9,583,14070,0.335,41.64,583,0.0,123,4.92,True,1.0
128.81,114.9,507,14070,0.316,38.27,507,0.0,123,4.92,True,1.0
228.02,72.92,696,14070,0.298,45.32,696,0.0,124,4.96,True,1.0
220.97,43.28,674,14070,0.216,47.57,674,0.0,124,4.96,True,1.0
196.0,77.92,707,14070,0.204,45.32,707,0.0,124,4.96,True,1.0
178.05,63.2,630,14070,0.3,42.14,630,0.0,124,4.96,True,1.0
168.03,91.98,653,14070,0.336,43.26,653,0.0,124,4.96,True,1.0
115.34,58.94,553,14070,0.302,43.82,553,0.0,124,4.96,True,1.0
100.94,72.11,640,14070,0.255,45.13,640,0.0,124,4.96,True,1.0
78.02,91.86,639,14070,0.323,41.95,639,0.0,124,4.96,True,1.0
123.97,114.77,586,14070,0.345,42.14,586,0.0,124,4.96,True,1.0
225.05,72.88,687,14070,0.322,44.9,687,0.0,125,5.0,True,1.0
220.78,43.76,694,14070,0.222,46.35,694,0.0,125,5.0,True,1.0
195.85,77.82,678,14070,0.179,43.08,678,0.0,125,5.0,True,1.0
178.03,63.06,672,14070,0.26,42.36,672,0.0,125,5.0,True,1.0
118.95,59.18,669,14070,0.204,42.72,669,0.0,125,5.0,True,1.0
122.99,114.71,584,14070,0.338,40.36,584,0.0,125,5.0,True,1.0
74.18,91.03,581,14070,0.332,42.17,581,0.0,125,5.0,True,1.0
165.26,91.0,587,14070,0.307,44.72,587,0.0,125,5.0,True,1.0
99.05,73.31,614,14070,0.245,41.63,614,0.0,125,5.0,True,1.0
71.36,91.3,544,14070,0.264,42.45,544,0.0,126,5.04,True,1.0
96.98,73.92,639,14070,0.287,42.45,639,0.0,126,5.04,True,1.0
118.68,58.8,633,14070,0.131,43.37,633,0.0,126,5.04,True,1.0
119.99,114.21,577,14070,0.333,42.08,577,0.0,126,5.04,True,1.0
164.11,90.1,615,14070,0.321,44.67,615,0.0,126,5.04,True,1.0
175.12,62.91,638,14070,0.307,41.89,638,0.0,126,5.04,True,1.0
194.95,77.41,684,14070,0.217,43.37,684,0.0,126,5.04,True,1.0
220.08,44.0,719,14070,0.268,47.08,719,0.0,126,5.04,True,1.0
224.93,73.23,683,14070,0.265,45.97,683,0.0,126,5.04,True,1.0
221.04,72.81,682,14070,0.276,44.29,682,0.0,127,5.08,True,1.0
220.76,43.81,693,14070,0.209,46.86,693,0.0,127,5.08,True,1.0
190.27,76.93,587,14070,0.295,44.84,587,0.0,127,5.08,True,1.0
175.02,63.11,660,14070,0.255,41.16,660,0.0,127,5.08,True,1.0
95.04,75.11,639,14070,0.286,42.82,639,0.0,127,5.08,True,1.0
118.97,114.76,584,14070,0.34,41.53,584,0.0,127,5.08,True,1.0
116.92,58.76,677,14070,0.171,43.74,677,0.0,127,5.08,True,1.0
71.07,91.95,620,14070,0.345,43.92,620,0.0,127,5.08,True,1.0
162.26,90.0,588,14070,0.305,44.84,588,0.0,127,5.08,True,1.0
189.43,76.88,541,14070,0.255,44.4,541,0.0,128,5.12,True,1.0
220.07,44.02,723,14070,0.276,47.57,723,0.0,128,5.12,True,1.0
219.05,72.3,666,14070,0.287,43.46,666,0.0,128,5.12,True,1.0
171.08,62.3,611,14070,0.304,40.29,611,0.0,128,5.12,True,1.0
94.88,75.97,632,14070,0.266,42.34,632,0.0,128,5.12,True,1.0
117.97,114.82,567,14070,0.367,39.73,567,0.0,128,5.12,True,1.0
110.21,57.95,577,14070,0.317,43.65,577,0.0,128,5.12,True,1.0
68.25,91.11,568,14070,0.317,43.65,568,0.0,128,5.12,True,1.0
162.04,90.01,632,14070,0.331,43.84,632,0.0,128,5.12,True,1.0
220.06,44.03,725,14070,0.28,47.54,725,0.0,129,5.16,True,1.0
218.04,72.3,668,14070,0.285,42.49,668,0.0,129,5.16,True,1.0
189.34,76.94,562,14070,0.281,44.55,562,0.0,129,5.16,True,1.0
168.33,62.08,515,14070,0.303,41.18,515,0.0,129,5.16,True,1.0
160.27,89.0,575,14070,0.299,43.99,575,0.0,129,5.16,True,1.0
113.83,58.66,642,14070,0.184,42.3,642,0.0,129,5.16,True,1.0
93.06,76.95,634,14070,0.324,40.8,634,0.0,129,5.16,True,1.0
67.15,90.31,615,14070,0.316,43.8,615,0.0,129,5.16,True,1.0
115.97,114.82,570,14070,0.363,39.87,570,0.0,129,5.16,True,1.0
166.43,61.83,497,14070,0.248,41.28,497,0.0,130,5.2,True,1.0
216.05,72.08,681,14070,0.296,44.47,681,0.0,130,5.2,True,1.0
193.83,77.42,689,14070,0.188,44.85,689,0.0,130,5.2,True,1.0
220.05,44.03,728,14070,0.284,47.85,728,0.0,130,5.2,True,1.0
159.13,88.14,611,14070,0.319,45.22,611,0.0,130,5.2,True,1.0
107.22,56.95,599,14070,0.353,45.78,599,0.0,130,5.2,True,1.0
92.07,77.12,647,14070,0.267,44.1,647,0.0,130,5.2,True,1.0
65.15,90.04,620,14070,0.336,47.1,620,0.0,130,5.2,True,1.0
117.77,114.9,516,14070,0.323,39.78,516,0.0,130,5.2,True,1.0
220.05,44.04,727,14070,0.286,47.98,727,0.0,131,5.24,True,1.0
214.04,72.3,667,14070,0.287,43.08,667,0.0,131,5.24,True,1.0
193.01,77.37,722,14070,0.245,45.91,722,0.0,131,5.24,True,1.0
170.0,62.84,660,14070,0.23,39.7,660,0.0,131,5.24,True,1.0
162.03,89.05,674,14070,0.301,42.52,674,0.0,131,5.24,True,1.0
112.07,114.22,564,14070,0.339,40.26,564,0.0,131,5.24,True,1.0
110.8,56.91,655,14070,0.193,46.28,655,0.0,131,5.24,True,1.0
91.04,77.28,634,14070,0.238,42.71,634,0.0,131,5.24,True,1.0
65.0,90.73,681,14070,0.316,45.34,681,0.0,131,5.24,True,1.0
212.05,72.06,668,14070,0.294,43.24,668,0.0,132,5.28,True,1.0
192.99,77.38,719,14070,0.235,45.88,719,0.0,132,5.28,True,1.0
168.0,62.94,657,14070,0.249,40.41,657,0.0,132,5.28,True,1.0
160.96,88.91,659,14070,0.256,43.8,659,0.0,132,5.28,True,1.0
220.05,44.05,727,14070,0.287,47.96,727,0.0,132,5.28,True,1.0
108.93,56.3,670,14070,0.252,44.56,670,0.0,132,5.28,True,1.0
90.03,78.38,648,14070,0.196,45.13,648,0.0,132,5.28,True,1.0
61.3,90.02,565,14070,0.298,48.15,565,0.0,132,5.28,True,1.0
110.99,114.4,552,14070,0.295,38.33,552,0.0,132,5.28,True,1.0
211.02,71.62,667,14070,0.255,41.13,667,0.0,133,5.32,True,1.0
192.99,77.36,706,14070,0.245,45.47,706,0.0,133,5.32,True,1.0
166.03,62.16,652,14070,0.243,39.24,652,0.0,133,5.32,True,1.0
155.15,86.91,590,14070,0.32,44.34,590,0.0,133,5.32,True,1.0
220.05,44.05,724,14070,0.289,48.11,724,0.0,133,5.32,True,1.0
105.08,55.78,691,14070,0.309,46.6,691,0.0,133,5.32,True,1.0
88.9,79.14,638,14070,0.234,44.9,638,0.0,133,5.32,True,1.0
59.39,89.22,526,14070,0.279,43.96,526,0.0,133,5.32,True,1.0
109.02,114.34,545,14070,0.283,40.0,545,0.0,133,5.32,True,1.0
220.05,44.05,723,14070,0.291,48.03,723,0.0,134,5.36,True,1.0
209.04,71.3,670,14070,0.289,42.92,670,0.0,134,5.36,True,1.0
189.14,77.0,631,14070,0.296,46.14,631,0.0,134,5.36,True,1.0
160.24,60.98,562,14070,0.316,40.84,562,0.0,134,5.36,True,1.0
157.86,88.17,665,14070,0.258,43.68,665,0.0,134,5.36,True,1.0
104.07,55.79,694,14070,0.308,46.32,694,0.0,134,5.36,True,1.0
87.04,79.24,651,14070,0.233,45.0,651,0.0,134,5.36,True,1.0
58.15,88.68,613,14070,0.278,47.46,613,0.0,134,5.36,True,1.0
107.04,114.3,545,14070,0.309,39.33,545,0.0,134,5.36,True,1.0
220.06,44.11,725,14070,0.274,47.66,725,0.0,135,5.4,True,1.0
206.07,71.02,664,14070,0.312,43.43,664,0.0,135,5.4,True,1.0
193.87,77.37,675,14070,0.213,45.54,675,0.0,135,5.4,True,1.0
158.33,60.98,535,14070,0.288,41.12,535,0.0,135,5.4,True,1.0
102.11,55.06,653,14070,0.321,44.39,653,0.0,135,5.4,True,1.0
106.04,114.3,550,14070,0.328,38.05,550,0.0,135,5.4,True,1.0
84.11,79.87,637,14070,0.325,40.93,637,0.0,135,5.4,True,1.0
55.42,88.32,542,14070,0.243,48.81,542,0.0,135,5.4,True,1.0
156.78,87.24,650,14070,0.233,42.66,650,0.0,135,5.4,True,1.0
220.68,43.96,680,14070,0.209,47.63,680,0.0,136,5.44,True,1.0
205.09,71.24,671,14070,0.28,44.48,671,0.0,136,5.44,True,1.0
192.98,77.33,690,14070,0.252,45.07,690,0.0,136,5.44,True,1.0
161.87,62.08,617,14070,0.208,38.77,617,0.0,136,5.44,True,1.0
155.92,86.97,657,14070,0.265,43.7,657,0.0,136,5.44,True,1.0
103.16,113.96,522,14070,0.293,38.38,522,0.0,136,5.44,True,1.0
102.97,54.77,677,14070,0.274,43.3,677,0.0,136,5.44,True,1.0
83.99,80.12,648,14070,0.2,43.1,648,0.0,136,5.44,True,1.0
54.17,88.85,616,14070,0.305,49.99,616,0.0,136,5.44,True,1.0
200.34,70.23,552,14070,0.297,43.52,552,0.0,137,5.48,True,1.0
188.43,76.93,552,14070,0.218,45.01,552,0.0,137,5.48,True,1.0
156.06,61.14,609,14070,0.352,39.62,609,0.0,137,5.48,True,1.0
150.52,85.13,516,14070,0.25,45.94,516,0.0,137,5.48,True,1.0
220.06,44.11,724,14070,0.277,47.43,724,0.0,137,5.48,True,1.0
100.12,53.97,669,14070,0.318,46.5,669,0.0,137,5.48,True,1.0
82.97,80.81,637,14070,0.261,44.64,637,0.0,137,5.48,True,1.0
51.55,88.4,508,14070,0.281,46.69,508,0.0,137,5.48,True,1.0
106.79,114.93,479,14070,0.324,37.39,479,0.0,137,5.48,True,1.0
198.41,69.83,536,14070,0.283,44.39,536,0.0,138,5.52,True,1.0
188.43,76.92,551,14070,0.223,45.34,551,0.0,138,5.52,True,1.0
158.85,61.05,620,14070,0.228,41.16,620,0.0,138,5.52,True,1.0
152.85,86.17,664,14070,0.258,44.01,664,0.0,138,5.52,True,1.0
220.04,44.07,720,14070,0.298,47.42,720,0.0,138,5.52,True,1.0
99.04,53.82,690,14070,0.306,45.72,690,0.0,138,5.52,True,1.0
81.93,81.0,643,14070,0.245,45.9,643,0.0,138,5.52,True,1.0
50.47,87.24,530,14070,0.262,48.37,530,0.0,138,5.52,True,1.0
101.96,114.78,550,14070,0.338,37.56,550,0.0,138,5.52,True,1.0
220.03,44.06,719,14070,0.296,46.98,719,0.0,139,5.56,True,1.0
197.39,69.14,518,14070,0.285,41.64,518,0.0,139,5.56,True,1.0
188.43,76.92,551,14070,0.213,44.77,551,0.0,139,5.56,True,1.0
156.93,60.42,636,14070,0.236,39.8,636,0.0,139,5.56,True,1.0
151.85,86.05,650,14070,0.246,42.74,650,0.0,139,5.56,True,1.0
95.08,52.94,636,14070,0.356,44.77,636,0.0,139,5.56,True,1.0
79.92,81.02,635,14070,0.269,45.69,635,0.0,139,5.56,True,1.0
49.28,87.43,572,14070,0.224,45.51,572,0.0,139,5.56,True,1.0
102.85,114.91,501,14070,0.341,37.03,501,0.0,139,5.56,True,1.0
220.02,44.05,716,14070,0.295,46.26,716,0.0,140,5.6,True,1.0
196.23,68.43,585,14070,0.238,42.8,585,0.0,140,5.6,True,1.0
188.45,76.89,565,14070,0.201,45.89,565,0.0,140,5.6,True,1.0
155.03,60.71,643,14070,0.242,40.43,643,0.0,140,5.6,True,1.0
93.26,52.78,589,14070,0.294,44.8,589,0.0,140,5.6,True,1.0
97.11,114.25,535,14070,0.289,38.61,535,0.0,140,5.6,True,1.0
78.02,81.16,620,14070,0.277,46.26,620,0.0,140,5.6,True,1.0
47.28,87.43,570,14070,0.225,45.35,570,0.0,140,5.6,True,1.0
147.33,84.07,547,14070,0.306,43.71,547,0.0,140,5.6,True,1.0
220.03,44.06,719,14070,0.296,46.81,719,0.0,141,5.64,True,1.0
196.08,68.39,622,14070,0.289,41.65,622,0.0,141,5.64,True,1.0
188.35,76.88,578,14070,0.233,44.97,578,0.0,141,5.64,True,1.0
153.87,60.84,629,14070,0.251,41.1,629,0.0,141,5.64,True,1.0
149.93,84.98,658,14070,0.263,43.49,658,0.0,141,5.64,True,1.0
96.93,114.0,559,14070,0.326,37.96,559,0.0,141,5.64,True,1.0
95.08,52.97,700,14070,0.298,45.15,700,0.0,141,5.64,True,1.0
77.01,81.9,630,14070,0.272,46.99,630,0.0,141,5.64,True,1.0
46.24,87.45,581,14070,0.206,46.07,581,0.0,141,5.64,True,1.0
196.08,68.14,621,14070,0.354,42.79,621,0.0,142,5.68,True,1.0
220.04,44.07,720,14070,0.299,47.44,720,0.0,142,5.68,True,1.0
151.95,59.69,634,14070,0.217,39.44,634,0.0,142,5.68,True,1.0
147.93,84.09,671,14070,0.276,44.28,671,0.0,142,5.68,True,1.0
188.45,76.89,565,14070,0.2,45.77,565,0.0,142,5.68,True,1.0
90.25,51.33,531,14070,0.316,43.54,531,0.0,142,5.68,True,1.0
76.01,82.81,632,14070,0.278,44.47,632,0.0,142,5.68,True,1.0
45.22,87.76,600,14070,0.277,46.33,600,0.0,142,5.68,True,1.0
94.98,113.91,560,14070,0.31,37.4,560,0.0,142,5.68,True,1.0
220.04,44.07,720,14070,0.298,47.27,720,0.0,143,5.72,True,1.0
191.48,66.94,511,14070,0.233,43.37,511,0.0,143,5.72,True,1.0
150.9,59.36,622,14070,0.233,40.57,622,0.0,143,5.72,True,1.0
146.84,84.06,654,14070,0.252,43.55,654,0.0,143,5.72,True,1.0
188.45,76.89,565,14070,0.198,45.6,565,0.0,143,5.72,True,1.0
92.1,52.02,668,14070,0.326,44.86,668,0.0,143,5.72,True,1.0
73.97,83.01,632,14070,0.285,45.6,632,0.0,143,5.72,True,1.0
45.04,87.88,648,14070,0.341,45.04,648,0.0,143,5.72,True,1.0
93.98,114.18,555,14070,0.312,37.22,555,0.0,143,5.72,True,1.0
193.97,67.2,663,14070,0.276,45.58,663,0.0,144,5.76,True,1.0
42.38,87.41,551,14070,0.222,45.21,551,0.0,144,5.76,True,1.0
72.04,82.84,633,14070,0.294,44.47,633,0.0,144,5.76,True,1.0
91.14,113.92,533,14070,0.284,36.84,533,0.0,144,5.76,True,1.0
91.94,52.14,695,14070,0.272,45.02,695,0.0,144,5.76,True,1.0
145.01,84.01,677,14070,0.287,44.47,677,0.0,144,5.76,True,1.0
149.87,58.93,625,14070,0.237,40.56,625,0.0,144,5.76,True,1.0
188.45,76.89,565,14070,0.198,45.77,565,0.0,144,5.76,True,1.0
220.04,44.07,720,14070,0.299,47.44,720,0.0,144,5.76,True,1.0
